station,date,qizm_sum,fx_dynamic,fx_fixed_20c,fx_primary_integrated_ambient,fx_secondary_integrated_ambient,fx_return_sink,t_sup_prim_c,t_amb_c
L12,2024-11-17,2159.800000001269,0.21432406392197226,0.17186860295887946,0.16790509242862398,0.11992318616208122,0.10955280229204559,80.90943791090658,4.944135568117127
L12,2024-11-18,2199.799999998504,0.21859917737526943,0.17471126828791447,0.17050221452935438,0.12126415649687926,0.11371338427804549,82.10434403127591,4.385775070456198
L12,2024-11-19,2045.800000001691,0.2037426576324322,0.16439925118268375,0.15847733667908348,0.11268226055233409,0.10566831267158387,77.72951999216943,6.181667807215682
L12,2024-11-20,937.1999999966647,0.2006223418783391,0.16156364248218327,0.15861032763747868,0.1130253936774981,0.09820711808961309,76.52010670079174,6.32409731114744
L12,2024-11-21,2604.799999999159,0.2296845691795263,0.17521561027534482,0.18313953258222768,0.13549613905725055,0.11176597423890393,82.29062499999483,0.6343888206400807
L12,2024-11-22,1368.000000000393,0.22162451969643143,0.17095845634032028,0.17716206554295927,0.12939665537254105,0.10622688617704468,80.54688888889822,2.031172514610487
L12,2024-11-23,2890.000000001237,0.2324788852925678,0.17545422241586522,0.18686364399610408,0.13966605074211141,0.11010465142656552,82.40722214533093,-0.28444705882345916
L12,2024-11-24,2770.200000000841,0.2337652061178729,0.17639902323420803,0.18807023717425125,0.14057673522372247,0.11061901788633895,82.87482203451198,-0.4654898563290405
L12,2024-11-25,2783.400000000256,0.2297479489166916,0.17585753375382782,0.18426181998393673,0.13720329716464397,0.10944075816012423,82.57941222964651,0.8168398361712222
L12,2024-11-26,2277.5999999994383,0.2184864987209409,0.16919800464925072,0.1736230754813456,0.12702927322631005,0.10668997209049176,79.76259395855885,2.571765015803237
L12,2024-11-27,2013.3999999998196,0.20678825245663776,0.16504281351718372,0.16388137288535015,0.11864261645267941,0.10088451972341649,77.98214959769489,5.321239694050368
L12,2024-11-28,2050.4000000000815,0.20173838834238403,0.16400393302112878,0.1599699304354575,0.11579587799773408,0.09793213407702808,77.59769801014758,6.724980491609455
L12,2024-11-29,2695.400000000518,0.22980137559758174,0.1768115704153699,0.18360995736788674,0.13594894007167926,0.11099396673113154,82.98129554054334,1.128190250055857
L12,2024-11-30,2687.599999999293,0.22194743830916244,0.17063012479636055,0.1780905728431812,0.1326440457201189,0.10479696721044356,80.3336701890119,1.8595014139011419
L12,2024-12-01,2523.400000000038,0.2092923463040795,0.1628403309694132,0.1671922623454182,0.12385712708980283,0.09939873284791806,77.05438535309224,3.727722913529171
L12,2024-12-02,2571.400000000722,0.21155551145942206,0.16782201453160772,0.16769426071858504,0.12270769446191292,0.10351847785627093,79.12987788752928,4.586720074666402
L12,2024-12-03,2502.0000000004075,0.20906284233707367,0.16648331114948992,0.16566166201622462,0.12122390291795919,0.10222485248357173,78.57281215028054,5.013298161470239
L12,2024-12-04,2635.600000001432,0.2197002866916704,0.17170535568801062,0.17474765337470033,0.1286699127246505,0.10692057181078421,80.77291242980584,3.0130960692066058
L12,2024-12-05,2716.8000000001484,0.22186818815976603,0.17314607095696743,0.1772131982674757,0.13099667976528387,0.1065384815048081,81.38912985865645,2.725755300353241
L12,2024-12-06,2163.800000002084,0.21069273252434265,0.16682167810851128,0.1663485547849981,0.12099669188155952,0.1044932115876992,78.723854330346,4.551204362696474
L12,2024-12-07,2755.799999998999,0.23058833870651027,0.17707407796451133,0.1843273799818744,0.13667006482461352,0.11125632411071008,83.09983598229432,0.9345482255611706
L12,2024-12-08,2421.7999999982567,0.2208285890940802,0.16992248090060053,0.17555537705742516,0.1291761219536194,0.10789971845917402,80.08466099595088,1.9906168965242401
L12,2024-12-09,1689.0000000003056,0.21232028395906552,0.16806092032475126,0.16643703792702252,0.11865715419107145,0.10806181794384884,79.26692007104575,4.379095322679243
L12,2024-12-10,2438.799999998082,0.21278607893704543,0.1718990241247674,0.16623112842031082,0.1186989825659543,0.10956355670284171,80.8759537477448,5.524912251926601
L12,2024-12-11,2205.0499999995736,0.2095263327651559,0.16889726334771107,0.16323064499447215,0.11659305312879881,0.10856623269276383,79.57668238815488,5.6689519512028665
L12,2024-12-12,2545.6000000012864,0.22176164767943307,0.17525859227015075,0.173715106911775,0.12498024710397099,0.1139963133129939,82.30728001256699,3.470076995600493
L12,2024-12-13,2546.8000000000757,0.21950993308034336,0.17754042410918353,0.17034658573423558,0.12033239105522478,0.11613375043305206,83.31199308936672,5.037154075703657
L12,2024-12-14,2644.399999999223,0.21085483587336373,0.17137055603029658,0.16443342947565562,0.11671764715535048,0.10904353294295485,80.64724096202224,6.02284979579731
L12,2024-12-15,2731.600000000981,0.20866027311632368,0.17116891982658497,0.1633371528297911,0.11637557223191718,0.10636594667001885,80.55557182603417,6.73586323034063
L12,2024-12-16,2504.6000000002095,0.20633929164737644,0.17131529424220474,0.1594488955441486,0.11169941454514941,0.10948139424238025,80.63616226144181,7.596527988500512
L12,2024-12-17,2048.1999999992695,0.20699447722806177,0.17066072379087457,0.16072987541431744,0.11339358625260208,0.10824123566133945,80.36258177912019,7.132033981059764
L12,2024-12-18,2045.2000000004773,0.20598119430367764,0.1686734150918154,0.15896774333689045,0.1113852114679256,0.10970356231954423,79.52194797574776,6.832378251517708
L12,2024-12-19,2083.599999998114,0.21001216281707444,0.17242255473670468,0.16334730295861447,0.11556691906320095,0.1094642632274558,81.10827606067025,6.66879439431844
L12,2024-12-20,2382.5999999990017,0.19977698977811506,0.16714048750908955,0.15441262862279423,0.10823212374168385,0.10535468991840477,78.853195668605,8.498648535215066
L12,2024-12-21,2694.000000001324,0.22521532632645724,0.17968592456606697,0.1764374631638365,0.1264414380510864,0.11606457331966888,84.22212026726359,3.728198960653463
L12,2024-12-22,2503.000000000611,0.21467924614444592,0.17463891853218644,0.1672413992761679,0.11878250282196742,0.1117617641534128,82.0659720335578,5.7648405912902705
L12,2024-12-23,2716.0000000003492,0.21589049669433055,0.1776949708769507,0.16764265128194067,0.11821745546581093,0.11365845584728038,83.38544182621366,6.383939617083503
L12,2024-12-24,2746.999999999389,0.2297178725326956,0.1805946756790384,0.18069377282534108,0.1303457422765928,0.11723485376890634,84.62907462687008,2.4264302875868053
L12,2024-12-25,2807.8000000004977,0.2298065316034606,0.1817242259691283,0.18004143530320432,0.12891830023061787,0.11887981358121161,85.13699978630406,2.776353016596633
L12,2024-12-26,2954.9999999999272,0.22921328848337633,0.1829178845770072,0.17999218539217526,0.12867835888226295,0.11759076984735861,85.6306869712373,3.3892385786802754
L12,2024-12-27,2905.9999999990396,0.22270764053581293,0.17844270274033475,0.1746175284664018,0.12470081531029788,0.11423244334175262,83.70802752926427,4.206692360632791
L12,2024-12-28,2842.2000000009575,0.22341185800282087,0.17881369248062925,0.17510848271895266,0.12499047306664539,0.11481281118179382,83.8559045809583,4.065529519385977
L12,2024-12-29,2840.7999999999447,0.22843982707404784,0.18081211923762633,0.17966897771887502,0.12901412329389952,0.11658133075666433,84.74885243593278,2.932716136299525
L12,2024-12-30,2828.6000000007334,0.22516548144734544,0.1792753734531034,0.17686302759732306,0.1265668418299992,0.11506089945163162,84.08991585943738,3.592102099978519
L12,2024-12-31,3111.799999998766,0.23088199184250272,0.182954756261614,0.1805389793248653,0.12873494905282826,0.12026376765715101,85.69043056537595,2.8029363765890243
L12,2025-01-01,2946.799999999712,0.22308590911261164,0.1773929458438056,0.17364153249226302,0.12315778376839895,0.11739532752315454,83.28662549206179,3.6726075743170616
L12,2025-01-02,2347.800000001371,0.23566193491013857,0.19183156956710493,0.18110526855413503,0.12430437919974378,0.1303455043457953,89.83227191412749,4.098141238614574
L12,2025-01-03,1905.6000000018685,0.23152076100307806,0.18795361847299807,0.17783781706706311,0.12201091232520019,0.12769748302022554,88.10883291352764,4.303100335854674
L12,2025-01-04,3179.3999999990774,0.2344714577463482,0.18352278167438105,0.18520261904578914,0.13406987848256188,0.11849031686217096,85.92295150027653,1.6928212870359853
L12,2025-01-05,2951.8000000007305,0.2345254948058891,0.18390241431428492,0.18459629411369355,0.13285111252994355,0.12005544675992944,86.11806761975032,1.7811518395551682
L12,2025-01-06,2240.8000000014,0.22160490649852707,0.18132920926175258,0.17036956494857075,0.11751306705874534,0.12138002647731674,85.2514334166305,5.503375580149482
L12,2025-01-07,1697.200000000521,0.1970325605803402,0.16687771826683118,0.15207233417306612,0.10450666507615614,0.10420091284844533,78.80295074241131,9.377527692672547
L12,2025-01-08,1605.7999999993626,0.18892735492735224,0.1609868583782517,0.1464845701501813,0.10171720913861788,0.09783736966694859,76.28341761116108,10.220059783281565
L12,2025-01-09,1247.800000001007,0.19387315199086758,0.16327495512264817,0.15056376454924517,0.10393924293614,0.10026835138733202,77.2660971309553,9.245497675913224
L12,2025-01-10,1936.9999999944412,0.2138158819216165,0.1712516856361678,0.168724325232477,0.12205268700567361,0.1064930914223585,80.60219101704999,4.9317687145015086
L12,2025-01-11,2589.799999997922,0.22496329120828026,0.17626899472828825,0.17848542344266158,0.13053144528203678,0.11096627114922943,82.74720982316029,2.6662027955826355
L12,2025-01-12,2769.5999999996275,0.2313643437787688,0.17966137159439619,0.183709531271977,0.13451516084502851,0.1144460868921925,84.23089976891916,1.5182524552284924
L12,2025-01-13,2835.800000000745,0.23606742889248108,0.18349738709625724,0.18649743265881444,0.13506749750649216,0.11933497018307535,85.92209323646948,1.1239678397634343
L12,2025-01-14,3209.600000000137,0.23761584094958652,0.18420020381705918,0.1885165594882958,0.13723821030868877,0.11851468974038602,86.22901669990131,0.797212113656943
L12,2025-01-15,3224.000000001979,0.24641314420085694,0.18808295178024137,0.1966735708672804,0.14458263507359495,0.12121424689848102,87.92458933002517,-1.0646786600491247
L12,2025-01-16,3215.199999998731,0.23721176476143083,0.1821214508203234,0.19022200634774128,0.14015225414523844,0.11373329817076284,85.30975740234393,0.25648544414063434
L12,2025-01-17,2973.599999999351,0.24034928125905256,0.18634409465814375,0.1884656314265283,0.13481346499121868,0.12505523624946854,87.16126311541674,0.5423809523809853
L12,2025-01-18,3111.2000000011903,0.24074044923708943,0.1837199711036294,0.19133038192373328,0.13954564188193155,0.1196605014387676,85.99441630239572,-0.4787657495502764
L12,2025-01-19,3427.2000000019034,0.24507332186087785,0.18742777784617076,0.1967959795762778,0.14490817130008782,0.11771929695700833,87.63342903827784,-0.7976633986931064
L12,2025-01-20,3633.6000000010245,0.2461861782348132,0.18921178096428642,0.19909404466538352,0.14781859924210689,0.11523007280030376,88.4179403346552,-0.6022765301629124
L12,2025-01-21,3057.600000000093,0.23236960839624962,0.18171611161897164,0.1843226759055825,0.13401658003792127,0.11546338754271086,85.11449633699849,1.8450078492931867
L12,2025-01-22,2802.000000003318,0.21153337186669444,0.1708812823534471,0.16653313667501876,0.11944698584060923,0.10604918593613899,80.44829264809954,5.6149764453920925
L12,2025-01-23,2628.3999999996013,0.19978693040650022,0.16630844303583825,0.15642575951523224,0.11136601162605193,0.10115364813996587,78.53876578907547,8.18247298736746
L12,2025-01-24,2522.800000000643,0.19644691940138528,0.16463536030699116,0.15302993500995143,0.10861831436447686,0.10075538119025006,77.78858094180968,8.830432852385549
L12,2025-01-25,2512.800000002244,0.19560260092442588,0.16139041696110884,0.15475480119046342,0.11182168030198879,0.09511737360038942,76.45958771092124,8.03550302451424
L12,2025-01-26,2054.3999999972584,0.19646160334957305,0.16250458822029165,0.1546446179191986,0.1112723101466734,0.09739442098854476,76.94512266355902,8.07826713395442
L12,2025-01-27,1390.400000002046,0.20065439585136885,0.16769019009182096,0.1565843608021622,0.10916875419942436,0.10288438235477333,79.16295454543814,8.312882623711824
L12,2025-01-28,1370.999999999185,0.19000129978496424,0.1636017783790741,0.14783850146454694,0.10201224195337402,0.09733542856730912,77.38911159738122,10.73621881838323
L12,2025-01-29,1950.0000000007276,0.17937573619175878,0.1552891672485434,0.13857323349318698,0.09691685147272334,0.09323509375652247,73.91550974359063,11.631403076924926
L12,2025-01-30,1200.4000000015367,0.19429521416533818,0.16356092119068277,0.15262740822877377,0.10678173062637394,0.09674881483629656,77.36221592801995,9.213312229260913
L12,2025-01-31,1853.400000001784,0.19670727675765357,0.16568240965062933,0.15307867876164005,0.10692069878283132,0.10137429061701551,78.30605158087667,9.061724398396136
L12,2025-02-01,1932.0000000006985,0.19734376271065812,0.16263727613899812,0.15633244790487072,0.11223478649492467,0.09567723151709044,76.97960248447882,7.8297101449224495
L12,2025-02-02,2197.4000000027445,0.20253767430720665,0.16280105948998727,0.16135335359107017,0.11840724996585801,0.09681936610775163,77.11727678163747,6.023724401575052
L12,2025-02-03,2743.1999999989785,0.2199852097385325,0.17751494984111996,0.17310726792098177,0.1248069599705197,0.11121144334432227,83.29875911344898,4.858073782443372
L12,2025-02-04,2553.599999999278,0.22471363515036108,0.17837533756640098,0.17768277754430536,0.12867221920206479,0.11218727113060813,83.6675407268183,3.4476644736859394
L12,2025-02-05,2687.7999999996973,0.22670143276768143,0.17952905316775006,0.1780270531013801,0.12778217087689292,0.1160459836230583,84.17190862415524,3.128539325841982
L12,2025-02-06,2749.0000000016153,0.20938125898741627,0.1707299609985317,0.16330306011867102,0.11573825257327987,0.10813446792775872,80.40346687628147,6.329958780858898
L12,2025-02-07,1956.7999999981112,0.22176345342988646,0.17814083218962629,0.17427026871802387,0.12420831663863038,0.11276866267084758,83.56028618153037,4.427025756331313
L12,2025-02-08,2507.000000001426,0.22246296988332442,0.17600714905610942,0.1757294228095853,0.12701273032221758,0.11129200960386042,82.67676585560487,3.4250275229318556
L12,2025-02-09,2837.200000001758,0.23472119277244274,0.18370643159720032,0.18562939899985742,0.1339791923322419,0.1181903997858098,86.04140984068574,1.6292823910920102
L12,2025-02-10,3138.8000000024476,0.23574492733087957,0.1821304703090199,0.18751541433513816,0.1369574092060541,0.11648977317897527,85.36701032241794,0.713331209376131
L12,2025-02-11,3010.199999998804,0.23686544155962297,0.18515831477399866,0.1865977191180264,0.1342865465614469,0.12102980008830508,86.66949039931337,1.3401328815381681
L12,2025-02-12,2751.0000000002037,0.2299117110269993,0.1807449206348215,0.18055120773526695,0.1293155564362055,0.1181417247434494,84.76160458823472,2.3382661658344337
L12,2025-02-13,1973.4000000007654,0.2036070347511321,0.16385300981433315,0.15926972082184493,0.11334163153955262,0.10367877356221925,77.50053714401272,6.031981351983755
L12,2025-02-14,1395.7999999965978,0.1964372658766192,0.1613132112917449,0.15428074604031605,0.10987590804136119,0.09807403730704753,76.43083249750545,7.707362086246605
L12,2025-02-15,2639.799999999923,0.22305126528528638,0.1734319916459305,0.17754599342723495,0.12991620553864677,0.108578623048851,81.53042048639944,2.398071065989467
L12,2025-02-16,2805.399999997462,0.22557054541603108,0.17514871602802476,0.17917721855004923,0.13073266911310805,0.11089053664202408,82.28285449489987,2.073359948671599
L12,2025-02-17,3048.399999999674,0.2372683095959555,0.18213421768961383,0.18767050649875963,0.13676417889464396,0.11957231094769775,85.30794908804488,0.23307177535770385
L12,2025-02-18,3229.800000000978,0.24254992591865426,0.18623087869360727,0.19363721925634608,0.1416027247786269,0.11878853078850901,87.09907238838068,-0.2917196111215585
L12,2025-02-19,3220.3999999965163,0.24437693942522187,0.18789551457576603,0.19453715770796615,0.14201691911853295,0.1211505048764068,87.84877282324993,-0.406766861258062
L12,2025-02-20,4212.7999999993335,0.2550569929208027,0.19391782662104126,0.20669631439929395,0.15424833698654727,0.11941756692669797,90.579571781235,-2.280262058487418
L12,2025-02-21,3811.599999999089,0.24837650804461017,0.1893019122995263,0.20053629343128004,0.1492426602889644,0.1172494844872948,88.50080281246882,-1.396335397209488
L12,2025-02-22,2728.799999997136,0.2295981868413784,0.17750609460630692,0.18312176233442123,0.13415287044204904,0.11174922008445938,83.36094547054704,1.3824054529483785
L12,2025-02-23,2704.4000000005326,0.22744328275884362,0.1769431663528186,0.17944962091433708,0.12973766564630387,0.11472603601437995,83.087907114332,1.9922393137106154
L12,2025-02-24,2443.9000000002125,0.21336635349955863,0.1699267227464771,0.16806616427735846,0.12096554644135907,0.10692589428106754,80.05917918082072,4.64427595236894
L12,2025-02-25,1723.200000000361,0.20182997219655552,0.1658720841362979,0.15795793413789289,0.11074320400115864,0.1023749185071654,78.32207056640495,7.351109563600474
L12,2025-02-26,1622.0000000012078,0.1921662433116117,0.1604537961787409,0.1495081487241234,0.10384646403780017,0.09868501706818993,76.08414303329195,8.906690505549134
L12,2025-02-27,1445.000000001528,0.18653548558125843,0.15844738617939869,0.14651355414937747,0.10203453501474462,0.09229727396551002,75.22096608995876,10.205140484427902
L12,2025-02-28,1911.4000000008673,0.19787199276661846,0.16561290277891305,0.15270228667938718,0.10647935700126025,0.10466674309345096,78.19292874332764,8.663049073975209
L12,2025-03-01,1416.800000000876,0.2013011655312016,0.1674075452423243,0.15646898387885996,0.11018975153709518,0.10436140051493026,78.94517504234807,8.064457933370774
L12,2025-03-02,2114.399999998568,0.2061649336020055,0.16751820383409083,0.16151569592738824,0.11582672195489187,0.10457373916233412,79.01428111994952,6.382612561481636
L12,2025-03-03,1569.4000000021333,0.2107939660003625,0.16942824393240408,0.16794075759964952,0.12208626113774942,0.10132525173178958,79.87735695168244,5.366032878817273
L12,2025-03-04,1662.400000001071,0.21350103031537795,0.1710716484887147,0.17023702686682415,0.12233821732366822,0.10250015027807213,80.56031520693108,4.9689316650586495
L12,2025-03-05,1318.4000000001106,0.20474951118222479,0.165883732665982,0.16082250747033605,0.1137058020706632,0.10296574819036612,78.39249089805628,6.294754247566758
L12,2025-03-06,1116.9999999983702,0.2093341896002985,0.17184848896087113,0.16373240504145564,0.11345381901677742,0.10724229635425343,80.9176150402909,6.663552372422845
L12,2025-03-07,905.9999999972206,0.2024003775030767,0.16758881323365488,0.15737090925980726,0.1066026119720639,0.10501043523844794,79.07176158940696,7.709350993371892
L12,2025-03-08,1225.9999999987485,0.19227108665642553,0.15999621195850242,0.15117965106055825,0.10529668295803135,0.09546111364754296,75.9453083197505,8.67073735725013
L12,2025-03-09,1079.0000000033615,0.1965219291159552,0.1643166111505714,0.15254684850423886,0.10437223681373434,0.1020424526295758,77.70617979608971,8.653230769240666
L12,2025-03-10,578.799999999319,0.21125046849032464,0.1744344301083624,0.16365868652643892,0.11229357719137181,0.11160821854576462,81.9670767104585,6.912626123010966
L12,2025-03-11,756.4000000002125,0.17240790794098548,0.15533742702931586,0.13122540732923546,0.08354295287568315,0.09326906113193652,73.92008461131607,14.066869381279258
L12,2025-03-12,634.8000000016327,0.16613566596796187,0.15101707899253944,0.12606762328301097,0.080120760208729,0.0902554956017548,72.15437303087528,14.776767485822367
L12,2025-03-13,248.99999999979627,0.1548842622357544,0.1451281622147999,0.11802937742941266,0.07528237702486298,0.08239137907597645,69.79347791162331,16.6556144578356
L12,2025-03-14,274.5999999988271,0.17982674921642186,0.157127119551201,0.13800688978728987,0.08784778190240634,0.09536352187529239,74.64924981791876,12.105083758192913
L12,2025-03-15,227.1999999993568,0.1753371779633925,0.15525173612706855,0.13436004571648436,0.08601896277521075,0.09310434280906425,73.87737676056062,13.02966549295811
L12,2025-03-16,955.3999999989173,0.17162041982610077,0.15164948325474614,0.13295487056229677,0.08882669948050372,0.08783235153064092,72.43726187983638,13.097956876706204
L12,2025-03-17,1380.0000000046566,0.20227081355290752,0.16606346613850181,0.1592462095140096,0.11431116247436018,0.10054343609819602,78.38031014493201,7.270463768119357
L12,2025-03-18,2328.599999996186,0.22399175088681167,0.17771495906833848,0.17663451053120913,0.1275067593001968,0.11275846259485632,83.38480288586686,3.4956969853146798
L12,2025-03-19,1815.0000000005093,0.21594319593288533,0.17349426382559935,0.16972813806090248,0.12123527332944074,0.10930111133640587,81.59817300275526,4.912868319544204
L12,2025-03-20,1594.8000000007596,0.21441028814508192,0.1733207975477613,0.1687202617133247,0.11905357355750616,0.10806289647434442,81.57087283673827,5.357531978932467
L12,2025-03-21,1234.8000000001775,0.20867419311975363,0.17068743292432184,0.16374719055996456,0.11397045867029038,0.10567653879499798,80.43723679947058,6.493605442183265
L12,2025-03-22,975.5999999979394,0.17445921824398103,0.15181927449101784,0.1352872084647996,0.09081739553193861,0.08939451816686896,72.60909389098263,12.125436654364687
L12,2025-03-23,971.5999999989435,0.17287713069920405,0.15118496432056766,0.13490831808030126,0.09099256344143555,0.08648372073119862,72.24472210786266,12.500642239610606
L12,2025-03-24,746.1999999977706,0.16709796702987958,0.15191134980079563,0.12664392867480723,0.08241899729457162,0.09114456063050978,72.52200482445362,14.746609488070836
L12,2025-03-25,503.6000000000058,0.16082063728578053,0.1470708347297563,0.12041384049251516,0.07528757943264569,0.09042192499812281,70.58169181890804,15.27372517871213
L12,2025-03-26,1041.9999999976426,0.17115023313523153,0.1500770713207123,0.13228915634347269,0.09007701379767695,0.08820450587265213,71.78369289827198,12.727378118999404
L12,2025-03-27,841.5999999997439,0.17582505489746364,0.1531651581715927,0.1353530188665019,0.09173350696808935,0.09212054562724917,73.04341730037068,12.147889733843686
L12,2025-03-28,1036.8000000034954,0.17411517327538442,0.15161318580813116,0.13404218267386248,0.09164598563342824,0.09108021468939287,72.41107638885686,12.226373456785694
L12,2025-03-29,1048.5999999982596,0.1743978251842973,0.1521715454595929,0.1356713554519224,0.09322684290175746,0.08824794415027228,72.62923135610268,12.310040053401792
L12,2025-03-30,839.9999999946886,0.17614512847630281,0.15335310016416032,0.1364702676908743,0.0923965340441987,0.0904231813597858,73.1081333333407,12.107309523811319
L12,2025-03-31,1090.199999998731,0.18486709247085464,0.15779170855218652,0.1435836461329431,0.10077085285582857,0.09480936168780266,74.93370390753805,10.57700605393437
L17,2024-11-17,5626.799999998184,0.21274330362871155,0.16837929278738853,0.17341509796344626,0.12413673211946881,0.09376172823625613,79.46040662543687,4.3374834719568085
L17,2024-11-18,5788.000000000466,0.21717573253368921,0.17295326286942933,0.17461690235965363,0.12286480274530874,0.10139133553772932,81.36081962680898,4.295317208016945
L17,2024-11-19,4907.7999999972235,0.20032603318915312,0.1628445888673653,0.15984175817314686,0.11074139149280766,0.09490123142370985,77.12458453891318,6.852089327193527
L17,2024-11-20,4806.19999999908,0.17783244298744164,0.15468310016843492,0.14083046689470297,0.09460770056837582,0.08493018895084392,73.68552036953851,11.94762182181271
L17,2024-11-21,5827.400000001944,0.22162387623424673,0.17537218903080118,0.17898500791735156,0.12698392215293525,0.10204166474960086,82.36445275766123,3.5537309949545945
L17,2024-11-22,4695.999999999913,0.20489858635048175,0.16572924600322933,0.1634285256915869,0.11286819824418241,0.09769911679318934,78.33875894378993,6.1733441226580315
L17,2024-11-23,6297.39999999947,0.22566578828761644,0.17572948548464826,0.1841311584959105,0.1324019311290407,0.1000987460894376,82.53992504843835,2.233025057960629
L17,2024-11-24,5877.4000000048545,0.2277558690147985,0.17718264138839832,0.18507928095425563,0.13250369643576443,0.10304046646958163,83.21186783272486,1.945678701463781
L17,2024-11-25,5896.199999999226,0.22409590630117732,0.1766242349951266,0.1814646298194278,0.12905052851009824,0.10234112766168676,82.91140734710423,3.084404192530375
L17,2024-11-26,5329.600000000937,0.21103432984289003,0.16924842169298146,0.17063905351547456,0.11973794850253171,0.09592846801640477,79.79606124287608,5.2199482137494035
L17,2024-11-27,4595.600000000559,0.20043389934782635,0.16494359373230547,0.16134193751292383,0.11127766876234808,0.09180976694463779,77.952672991563,7.5250839933827285
L17,2024-11-28,4825.399999997899,0.19388856299219978,0.1633327588584091,0.1555752572943368,0.10646533937842664,0.08951304954054613,77.32425664195043,9.249496414802309
L17,2024-11-29,5856.200000001991,0.22294231761113367,0.1774157867540306,0.1804988116613125,0.12829767923537444,0.10177569378861456,83.24716573887241,3.7738287626789444
L17,2024-11-30,5681.200000002718,0.21431929211971254,0.1713066635712108,0.17348630200128407,0.12290387414428477,0.09716971946014648,80.62206646483536,4.781403928747457
L17,2024-12-01,5603.2000000013795,0.20402776990351434,0.16321409350213123,0.16651044220915417,0.11896469839888421,0.08868541687923122,77.21183181039196,5.697886207882032
L17,2024-12-02,5606.400000004214,0.2074292647211682,0.16827858185165193,0.16740141670809958,0.11776761164151159,0.09459287117767877,79.32419449200808,6.19656535388081
L17,2024-12-03,5399.599999997008,0.20335046849622815,0.16645334353660943,0.1633729988182501,0.1140213607934102,0.09404532669798343,78.56918808800431,7.016733832136631
L17,2024-12-04,5755.800000002637,0.2140087737012061,0.17217683989517604,0.17296397419913184,0.12234285010851585,0.09758427146066807,80.9757128461725,5.18588484658933
L17,2024-12-05,5661.000000000058,0.21473876687310536,0.17353083941865435,0.17296812551942103,0.12163734854425118,0.09927880727195901,81.55706836247884,5.383084967320204
L17,2024-12-06,5095.19999999975,0.203230594996778,0.1667902816637023,0.16207857275372206,0.11183661269548713,0.09660250986497049,78.71185193908259,7.169086983828198
L17,2024-12-07,5988.400000002002,0.2233877087828076,0.17753982986101902,0.18125895475626214,0.1292673038777884,0.10112099848686232,83.30289559815674,3.6573268318744607
L17,2024-12-08,5613.400000002002,0.21496802356806197,0.17020843603527228,0.1746822246486161,0.12433206598889071,0.09609200990486066,80.20689279224545,4.167005379982943
L17,2024-12-09,4385.7999999963795,0.20648802437542585,0.16810424396536447,0.16478405222204182,0.11311019674654821,0.09819060381918836,79.27891741529906,6.461128186419861
L17,2024-12-10,5540.400000001682,0.2122370213124061,0.17238949013357024,0.17022889176994901,0.11878926595748396,0.09952210237374018,81.08728178471002,5.884782326185776
L17,2024-12-11,5032.000000002881,0.20844433299113568,0.16929467914768884,0.16666914081099996,0.1157746505847176,0.09855644062521987,79.75483942765621,6.184241653418199
L17,2024-12-12,5758.399999998801,0.2208398603380797,0.17594491455283764,0.1780035233759322,0.12559126598953868,0.10238432963514336,82.60560641844714,4.029009447068749
L17,2024-12-13,5602.600000001985,0.22295118240231096,0.1781410179224332,0.17827639440024673,0.12422214013361484,0.10673634754221335,83.57501588548713,4.014253382357602
L17,2024-12-14,5740.399999998772,0.21468534578223578,0.17184060223305367,0.17307734941377392,0.1214295934407579,0.09892605689809225,80.84920772072505,4.827005783567418
L17,2024-12-15,5976.800000000367,0.21320848195753558,0.17167626854413076,0.17268524201187443,0.12187324614758323,0.09635291446737455,80.77480323918647,5.298390443046496
L17,2024-12-16,5473.60000000117,0.21137127412359438,0.17184095902860033,0.16916975452683097,0.11742156368093205,0.09985597092802663,80.86100116924412,5.997964045600399
L17,2024-12-17,5190.000000002328,0.20950503539159582,0.1691296996715791,0.1675027757968091,0.11632244002686792,0.09923584790761421,79.71885472061419,5.73059730250428
L17,2024-12-18,5328.800000002957,0.20873975543846018,0.16727179912183385,0.16743454095217572,0.11703578495555517,0.09759404103261303,78.93555697343106,5.388899564628434
L17,2024-12-19,5501.599999999598,0.21049111016990288,0.17009933891451595,0.16921501387097754,0.11854128555552983,0.09776087763495227,80.12871455576418,5.71270684891566
L17,2024-12-20,5347.80000000319,0.2050310651878717,0.1679406663134968,0.16426138830309386,0.11410405460932982,0.0959912833225827,79.19729907625424,6.919379183962121
L17,2024-12-21,4646.199999999226,0.2272627756847273,0.1791724831669067,0.1837483757218642,0.12906105995366962,0.1046943984160194,84.02272652919511,2.8234815548188936
L17,2024-12-22,5615.799999999581,0.21983700405700188,0.1743631681426979,0.17737762702585066,0.12530346659716093,0.10146066395230978,81.97766230991265,3.848984650450485
L17,2024-12-23,6006.799999999203,0.22093609777186046,0.17835421066617846,0.17773668300256318,0.12454202300657721,0.10321389733651257,83.67163481388243,4.807692615036676
L17,2024-12-24,5975.399999999354,0.23281816726860055,0.18101123715713832,0.18840076977350514,0.13431361872087147,0.10741926674808708,84.81461190882568,1.457942229809177
L17,2024-12-25,6114.599999997154,0.23375247228432205,0.18186853417642096,0.18874498107922308,0.13383536017906913,0.10887903463750498,85.21349164295746,1.4110869067475824
L17,2024-12-26,6188.000000001921,0.23469827047296501,0.183357536642713,0.18948826260734897,0.1339892820263769,0.10944085343068125,85.8250290885525,1.569266968326167
L17,2024-12-27,6171.399999999267,0.22802928703353695,0.1791544177553658,0.1841342977090605,0.13012507023843092,0.10563648645514895,84.00653336357476,2.5472845707619176
L17,2024-12-28,6143.000000003667,0.22826695569771535,0.1785500849599946,0.1847811716632143,0.1309923208159213,0.10478245391774277,83.76544554777635,2.2513989907199865
L17,2024-12-29,6109.400000001187,0.23400253982659092,0.18063762871147293,0.19003996367355183,0.13578074200523954,0.10661286512172394,84.6845824467105,0.8940249451660752
L17,2024-12-30,6167.000000001281,0.23161415505312355,0.17994403388425395,0.18797351314013072,0.13404813727895298,0.10555191382250412,84.3834817577421,1.5198371979883847
L17,2024-12-31,6785.19999999844,0.23670344941195678,0.1833270627311527,0.1913611475434227,0.13614109763076163,0.1099837047817742,85.86073481645809,0.8400481876654959
L17,2025-01-01,7065.599999994447,0.2296598169009863,0.17815121033192727,0.188338192537461,0.13575065133780823,0.10010148322112705,83.61552989130469,1.5979115715606291
L17,2025-01-02,6673.399999999674,0.2324572544106343,0.1846777493826713,0.1845975083840253,0.12726303028787128,0.1153560907639313,86.77668115203613,2.7881595588475645
L17,2025-01-03,5590.399999997317,0.23999088862434761,0.19616530632952497,0.1863098904509942,0.1229962350822763,0.12883766609055136,91.86078133945391,4.082203777906679
L17,2025-01-04,6822.20000000234,0.23818341161945744,0.18373176026548202,0.1935955023219294,0.13889160825164,0.10855542666673125,86.01597783705276,0.4346052592997566
L17,2025-01-05,6524.799999999232,0.24035961966971403,0.1845069436553363,0.19570566858059552,0.14066279280362165,0.10905263378834434,86.38447461991298,-0.10343550760235885
L17,2025-01-06,5880.000000001019,0.22009396614143686,0.17684067323068753,0.17495675523964957,0.120228417179761,0.10782985711026873,83.32625442175164,4.525110204081846
L17,2025-01-07,5382.999999994354,0.19759299381086495,0.16350804982206052,0.15677872427228198,0.10624475982395229,0.09531920680463188,77.47618948541906,8.050694408323526
L17,2025-01-08,4224.000000001979,0.1874663877141596,0.15826152674451058,0.1500441850025272,0.10171968181250524,0.0868227898203212,75.18228409090044,9.806829545455471
L17,2025-01-09,4113.199999996141,0.19046358327088325,0.16004080806062787,0.1521012481194942,0.10313843528922859,0.08924685112205095,75.99180589322735,9.353244189431532
L17,2025-01-10,5073.599999999715,0.20818983366247326,0.16826040402405218,0.16649941616655667,0.11614132367701308,0.09837954636678994,79.3484358246608,5.894785556603214
L17,2025-01-11,6005.000000001019,0.22647799350860198,0.1762908962105641,0.1852917433768425,0.1338685361476426,0.09938723849246239,82.76413588675315,2.13802364696097
L17,2025-01-12,6260.8000000000175,0.23303477759565475,0.17970075247214,0.19080774444124354,0.13808407641704495,0.10255210676125909,84.25387554307457,0.9359813442370949
L17,2025-01-13,6516.400000004069,0.2392280521638374,0.18414697689338194,0.19373100173844793,0.13845285519299344,0.1106858646365383,86.21289853292421,0.20686268491797288
L17,2025-01-14,7146.399999994173,0.23942123796198558,0.18474371241977613,0.1942450999669574,0.13886279540061536,0.10997987520434832,86.46944307623855,0.33498320832982365
L17,2025-01-15,7009.066666665603,0.24655155002386706,0.1861514066563164,0.20242878101489842,0.14633505454932466,0.11145371198301127,87.22073209938978,-1.76015061444281
L17,2025-01-16,6678.600000002916,0.23939209101395303,0.18252421345728712,0.19544771697164168,0.14099227113264629,0.10719622130440966,85.49144491359772,-0.3908034618037902
L17,2025-01-17,6070.400000004156,0.24176891146950857,0.18687668981791233,0.1931558805137077,0.1350915750070933,0.11798908410678968,87.39749934106338,0.21090340010520073
L17,2025-01-18,6585.800000000745,0.24227004862567317,0.18379693101158345,0.19691418137683592,0.14128200411911343,0.1107916979950744,86.03335054207193,-1.0020492574933193
L17,2025-01-19,7145.800000002055,0.24500185041567835,0.18704647707221947,0.20081696557280723,0.1447642690660726,0.10976891513868127,87.49881104984797,-0.8993540261412165
L17,2025-01-20,7240.799999999581,0.2459343166262804,0.1893981812494104,0.20125984864820007,0.14549294986704966,0.10974064679415323,88.50314053696093,-0.44804993923306763
L17,2025-01-21,6461.200000001554,0.23335225476167648,0.18232121239809912,0.18937766189849675,0.13479022127979204,0.10650818059916632,85.3801721042543,1.6963461895615308
L17,2025-01-22,5860.599999999977,0.21395920266320145,0.17144879997419088,0.17305182273880562,0.12176405601959399,0.09731286172494642,80.6939501074965,4.950233081936962
L17,2025-01-23,5656.200000004901,0.20238215272034515,0.16669072735304083,0.16325495270847645,0.11361795310148294,0.09217173808755605,78.70495527031294,7.407427601569263
L17,2025-01-24,5356.199999998353,0.19761229647666628,0.16504149164602255,0.15800414246497993,0.10878520439933403,0.09259958135949735,77.95962137335871,8.558775997908995
L17,2025-01-25,5613.799999999173,0.19712860976129193,0.16167450703770342,0.1610095382688818,0.11415458970854316,0.08488522677952866,76.5751882860163,7.599075848801263
L17,2025-01-26,5296.599999997852,0.193798986435293,0.15935555520130207,0.15747512440845207,0.11088687920464896,0.08511260282434685,75.65638334025905,7.9556153003834815
L17,2025-01-27,3618.1999999971595,0.19684293440258677,0.16428831495709575,0.15863351974890072,0.10858760316309854,0.08970122741360076,77.75866010723861,8.510148692720263
L17,2025-01-28,3110.2000000028056,0.1909080948557467,0.16255234716610342,0.15361461431482676,0.10325016238027428,0.08684859954225402,76.97646968040931,10.068470194845654
L17,2025-01-29,5031.599999998434,0.18050912206142733,0.15523388872219498,0.14488927399614215,0.09953677162215992,0.0821535061019169,73.89622386516781,11.219415692820498
L17,2025-01-30,3206.800000003568,0.19108613900412708,0.1597923742768399,0.15537672499305769,0.10622779649406938,0.08347694988891144,75.86677684919351,9.065171510541868
L17,2025-01-31,4079.600000000937,0.19903509462317276,0.16558122606025796,0.1607962184247188,0.11063339632810588,0.0898671075952645,78.27379645063496,8.218733209135642
L17,2025-02-01,4713.399999993271,0.19801115944869915,0.16115408638272466,0.16263253773795705,0.11517785187695592,0.08336987213537109,76.3765205584114,7.103870666608285
L17,2025-02-02,5406.999999999243,0.20250935123024402,0.1613600908208459,0.16593151423716393,0.11873401045654568,0.0866045261451225,76.53028962455232,5.559007952654282
L17,2025-02-03,6303.399999997055,0.22252796711902195,0.17809300167173509,0.18151081866674557,0.12969449445844092,0.098535390632181,83.5498327886559,4.1490262398075854
L17,2025-02-04,6004.000000000815,0.22734676235241633,0.17855527493516607,0.1853268587603625,0.13274094112491377,0.10136124576518445,83.74838774150675,2.5728760826114287
L17,2025-02-05,6095.600000000559,0.23056542345227926,0.1801988561045222,0.18747870691967033,0.1340037583501731,0.10416688060002154,84.46427980837858,1.9786436117862265
L17,2025-02-06,6113.799999999173,0.21165811724759095,0.16914951762517103,0.17183210117699932,0.12093152430993402,0.09470943384378255,79.79627427814162,5.007012486698724
L17,2025-02-07,5755.199999999604,0.2205998979883615,0.1756336509163155,0.17804450429241292,0.12523220470106078,0.10174040611885445,82.48611759800079,3.996400472615381
L17,2025-02-08,6190.400000003137,0.22647856123286786,0.1750452948003714,0.18615079448204655,0.13471256085351246,0.097543774430915,82.27061514603129,1.697299689840255
L17,2025-02-09,6646.199999999226,0.2389901491478307,0.1827077612354,0.1955080060646457,0.14131167929772803,0.10621816020592005,85.6057000993046,-0.21453281574364325
L17,2025-02-10,6717.400000001362,0.23906564143087297,0.18215412636446351,0.19546941330419287,0.14143380135999858,0.10651363697933415,85.37631464554694,-0.445393158067061
L17,2025-02-11,7032.199999997829,0.2395969403750772,0.18478905414646105,0.19519751360369314,0.14026747099246645,0.10835381692284199,86.51460709308763,0.2552481442503485
L17,2025-02-12,6219.3999999981315,0.2328335271817323,0.18155004509237457,0.18924797140488592,0.13492641489464208,0.1057096879810481,85.11185319770115,1.5757823191225824
L17,2025-02-13,5670.399999999063,0.2044934160415084,0.16304742444012443,0.1666010662744814,0.11808062303926724,0.08963422646647307,77.16936724040973,5.458589870203638
L17,2025-02-14,4905.70000000298,0.18778773900141674,0.15557969034135077,0.15156775312630016,0.10532785659406255,0.08425736378305901,74.08397904478899,8.789815928409654
L17,2025-02-15,6180.000000000291,0.2246476980724382,0.17350627756624198,0.18507584495279022,0.1344989568855726,0.09554516482341181,81.56922653720542,1.8568899676382726
L17,2025-02-16,6267.799999997806,0.22796881334222444,0.17556767607904658,0.18734267345236674,0.1357475704687449,0.0983174821449488,82.46469893742443,1.3619707074255598
L17,2025-02-17,6748.800000001211,0.23877056935323013,0.1822215112535374,0.1953846931769264,0.14158615942079317,0.10589935771893336,85.36153923660882,-0.2750871266008327
L17,2025-02-18,7013.600000002043,0.24266905358398508,0.18617956427146232,0.1994844271489946,0.14421408920910947,0.10723259828081436,87.1169864263743,-0.3526879206121099
L17,2025-02-19,6948.399999997491,0.2448781710607172,0.18781061050855824,0.20061155547740717,0.1452373777196557,0.10869876942117176,87.82335405752755,-0.6074142728296454
L17,2025-02-20,8453.199999999924,0.25540720522272875,0.19345812299147142,0.21146819792071847,0.15647780704349296,0.1094194665835596,90.37063076704472,-2.544869635168142
L17,2025-02-21,8538.400000004913,0.24840282406447917,0.1890468793552159,0.2055137786656296,0.1507785865914275,0.10603941688148931,88.3959622411649,-1.4843713107851833
L17,2025-02-22,6423.2000000010885,0.23052407809185615,0.1764512026591719,0.19005785462409505,0.1384163190415747,0.09841496819011836,82.92760181840568,0.7089780794617073
L17,2025-02-23,6115.40000000241,0.22785958115229105,0.17646513786301912,0.18551101070114928,0.13281699044350997,0.10223124712702403,82.88694770578236,1.6856709291296537
L17,2025-02-24,5854.999999999563,0.21411939757185844,0.1703937205829329,0.1737845068479796,0.1229524933890359,0.09606054809376258,80.2514732707046,4.535700085397334
L17,2025-02-25,5024.0000000012515,0.2014416340215919,0.16470252696665594,0.1626872990532713,0.11253879224153045,0.09113967189558887,77.84097372609997,7.095384554140431
L17,2025-02-26,4321.400000007998,0.1917027423812637,0.15979314012210616,0.15271217790722844,0.10327821777597815,0.09068037212956469,75.80841671678108,8.846275743970013
L17,2025-02-27,3399.7999999955937,0.18790756593603813,0.15860816773158964,0.15205932430103603,0.10342679384723563,0.08334936192856446,75.2857485734464,9.785486205073697
L17,2025-02-28,5061.799999999494,0.1997955317582085,0.16569870153878785,0.158831345124594,0.108676005708363,0.09576168127047464,78.22973645738759,8.016746611877654
L17,2025-03-01,5455.600000001141,0.19769546357216564,0.16414895964915413,0.15946467313334903,0.11135620908926545,0.0895861505694817,77.5868795366217,8.225485006232786
L17,2025-03-02,5665.400000001682,0.20533895314042636,0.16586223380893075,0.16787984353564125,0.11996979650189873,0.08871859296658384,78.344969110721,6.117909415045578
L17,2025-03-03,5442.399999999907,0.2039207065933397,0.16443063785713427,0.1656761901906427,0.11721231763340773,0.09037229839243856,77.78613405847734,6.118879905923784
L17,2025-03-04,4423.399999996036,0.21158059949089913,0.17002521488055353,0.17145016387906883,0.1197391460255783,0.0953201562759867,80.1279576796169,5.3016367500121975
L17,2025-03-05,3796.9999999913853,0.2013039834489554,0.16343470601101903,0.16222981566781486,0.11166959115416167,0.09193829648689386,77.37978298660528,6.6948380300217964
L17,2025-03-06,3135.7999999963795,0.20465916528095923,0.16861979609528494,0.16380165077385853,0.11017905883775045,0.09628858288752556,79.55795139997352,7.241436316088555
L17,2025-03-07,2685.5999999970663,0.1987214180359744,0.16553708798145778,0.15902569349705886,0.10638192999473006,0.09294946867856764,78.21289246353244,8.315898123324738
L17,2025-03-08,3515.800000001036,0.18653487935893365,0.1557428261305197,0.1516831192188756,0.104027601865852,0.08128101614163814,74.21150577391857,9.246720518794577
L17,2025-03-09,2727.3999999997613,0.19263546141908885,0.1606833874411173,0.15601124291095636,0.10573684421211955,0.08572020244445501,76.24123194250122,8.791467331520874
L17,2025-03-10,1399.5999999970081,0.2096917797615486,0.1737954545142144,0.1668632997077053,0.11144962523438998,0.10103368730187619,81.69827093457437,7.242246356086329
L17,2025-03-11,2498.4000000040396,0.1720590442378324,0.15327195098759885,0.1368714984399706,0.08764483798515676,0.08045019203448932,73.11147134163646,13.48433397374367
L17,2025-03-12,2272.1999999994296,0.16808224903525745,0.15139465515559233,0.1327406020207815,0.08495490057353398,0.08035956347785565,72.30386761729329,14.232583399346982
L17,2025-03-13,715.1999999987311,0.15629026719753553,0.1454621918137353,0.12423179353636435,0.07698264097426519,0.07231969929748976,69.96942393732142,16.289793064875674
L17,2025-03-14,1318.3999999964726,0.1762228566829015,0.15521169089321557,0.139691266794182,0.0897624569686079,0.08368169595273024,73.86422633495414,12.704280946599106
L17,2025-03-15,990.2000000001863,0.16546858292857522,0.14675573703389097,0.13302272148354474,0.08581128928468218,0.07394619170396399,70.47238941627943,13.559810139363895
L17,2025-03-16,2688.5999999976775,0.16941527226760403,0.147799848939513,0.13685491685255918,0.09029734969627354,0.07456201287261859,70.93779067177424,12.56115896749717
L17,2025-03-17,4991.000000001804,0.1997227953318798,0.16467471895141292,0.15954867681317403,0.11063621572064243,0.09404241158795722,77.80232418352581,7.699439791622735
L17,2025-03-18,6000.79999999798,0.22752578002447058,0.17728882609383825,0.18557465795183653,0.13373072851918819,0.10122158823287676,83.20727103053238,2.0976049860027866
L17,2025-03-19,5690.399999999499,0.2119822351097389,0.16988114376293534,0.172206549493293,0.12196768517754725,0.09459348463078127,80.09031632222562,5.118828904823022
L17,2025-03-20,4012.2000000010303,0.21449636929000498,0.17390399066459145,0.17399200193828374,0.12074278762519013,0.09657059671510246,81.80291211804638,5.554241563226516
L17,2025-03-21,3339.9999999965075,0.20433198983888282,0.16825092191412375,0.16471563982074175,0.11203309434553843,0.09351087510361529,79.42797245508805,7.231223952100311
L17,2025-03-22,2535.8000000014727,0.17403032554033238,0.15038817836430027,0.14089491879945615,0.09268551653885299,0.07637035130889137,72.04000315482926,11.79415411309561
L17,2025-03-23,2480.4000000003725,0.17269799209399123,0.14922244487729672,0.1400019858002251,0.09328336843747402,0.07512511345711843,71.4926366714905,11.905474923396488
L17,2025-03-24,2187.3999999952503,0.1672383050791638,0.14955590154076936,0.1328466113392683,0.08504623054769934,0.07828512895644633,71.60148486789589,13.902755783119094
L17,2025-03-25,1582.2000000007392,0.16299415435020237,0.14749425497830046,0.12919645590427062,0.08039959151602664,0.07658060501697954,70.74510428517102,14.669197320187562
L17,2025-03-26,3508.400000002439,0.17089994953675583,0.1498249423282032,0.13635121701850747,0.0907583550056211,0.0789195345730617,71.68586364153293,12.729957815529232
L17,2025-03-27,2662.400000004709,0.17608507768163817,0.15288994869997244,0.14123467150115507,0.09391109932219681,0.08007797050827098,72.93675030047253,11.964634915864954
L17,2025-03-28,3746.400000003632,0.17197911166904273,0.14899376107949525,0.13702032832851918,0.09177313431925249,0.07992331582800172,71.38899530213607,12.086159513131358
L17,2025-03-29,2886.40000000305,0.17417779758471863,0.1496990036014669,0.14067822773110694,0.09520012609094597,0.07697544450423448,71.65886225055367,11.557274113082315
L17,2025-03-30,2283.800000004703,0.17698354424873192,0.151711167167108,0.143654920642567,0.09570731989899182,0.07680937885520525,72.45259479815043,11.264121201506576
L17,2025-03-31,4958.600000001752,0.1887826214452946,0.15985166704394968,0.15044557679231294,0.10301371021558671,0.0888924288236337,75.82044367362225,9.905213568346229
L22,2024-11-17,2286.000000000058,0.21201556733995694,0.16827515065753287,0.16618313296318712,0.12468841775542405,0.107994041262722,79.39574803149094,4.567524059493619
L22,2024-11-18,2330.0000000017462,0.21658400291091837,0.17205672372105674,0.16862819614132588,0.12537013892835028,0.11319502433083689,80.9667124463483,4.20678111588318
L22,2024-11-19,1577.9999999986103,0.20505213088282664,0.16442592670976017,0.1590126019386203,0.11764595778473497,0.10751722917803372,77.74149556401218,5.730038022814105
L22,2024-11-20,647.9999999992287,0.18977170703804097,0.16019178870453055,0.14550971094260004,0.10296335187580745,0.10185520501809112,75.94969135802677,9.649814814798496
L22,2024-11-21,2382.0000000005166,0.2174000643645607,0.17314195618386433,0.16875070115061883,0.12452156014748413,0.11473606397917531,81.39827036103773,4.303895885810265
L22,2024-11-22,1439.9999999977808,0.20872041559700946,0.16701155402942594,0.16202761231449983,0.11899526284462073,0.10958008046920759,78.89113888890402,5.2635277777693315
L22,2024-11-23,2652.0000000000437,0.22212095717607552,0.1735254952066511,0.1739237864891999,0.12998155975355097,0.1144115253428788,81.5794871794877,2.757134238310948
L22,2024-11-24,2612.0000000009895,0.22565789959918098,0.17489967401907808,0.1775940610638362,0.13363246783464355,0.11471296172487479,82.2236294027564,1.9371822358335073
L22,2024-11-25,2538.0000000004657,0.22107392278072382,0.17399394401428472,0.17255153292133665,0.12836573173069682,0.11498099486374105,81.77689519306331,3.2781087470462666
L22,2024-11-26,2152.000000000953,0.2108321774003007,0.16813798448111233,0.1639116015813446,0.12098437107517358,0.11021579081777313,79.30633828996038,4.922379182157919
L22,2024-11-27,1809.9999999976717,0.19781317178410712,0.1629241975636546,0.15249021805235283,0.11098748208447809,0.10506144044688329,77.0919116022096,7.7685524861876285
L22,2024-11-28,1626.0000000020227,0.19503922138864385,0.1643113197748448,0.1498197600868069,0.10827157796215163,0.10460353537322596,77.71771217711354,9.185313653140405
L22,2024-11-29,2509.9999999983993,0.21644189610695688,0.1748658811747833,0.16803987601722756,0.12386130369291032,0.11406293762112363,82.14216733068463,5.2281434262942525
L22,2024-11-30,2300.0000000010914,0.20856877339600458,0.1687926310030753,0.16164024595794918,0.11893090711676906,0.10983985825701446,79.55123478261135,5.969721739130133
L22,2024-12-01,2318.0000000011205,0.19835986940312159,0.1611293958315547,0.15393109752749304,0.1140563889392495,0.10318729259038674,76.33710094909723,6.985142364106661
L22,2024-12-02,2472.0000000015716,0.20195069266541493,0.16583806189560374,0.15613012083376435,0.11477586472135462,0.10660551294962463,78.29220064724643,7.304579288024958
L22,2024-12-03,2323.999999998705,0.19930148998378158,0.16436422692532807,0.15365981122811642,0.11274980072182726,0.10591189626759584,77.6793631669534,7.735834767642735
L22,2024-12-04,2536.000000001877,0.2071830866768777,0.16976556410703114,0.1606782253180873,0.11848903073359333,0.10872232114587602,79.9457728706625,6.787728706624661
L22,2024-12-05,2648.0000000001382,0.20891449248832583,0.17119005858811157,0.1622627176196198,0.11984814729878869,0.10926468777542243,80.55344410876042,6.656404833836606
L22,2024-12-06,1486.0000000016953,0.20117767459423086,0.166708144509845,0.15495046606525623,0.11273386493804526,0.10741708592919114,78.67825033646939,7.8615343203240355
L22,2024-12-07,2637.9999999990105,0.21702154511810395,0.17487676164341878,0.16859156509692352,0.12426381629701222,0.11420351371793434,82.15043214556587,5.025928733889597
L22,2024-12-08,2007.9999999998108,0.21233049425943337,0.1700842910953734,0.16516680875615997,0.1220656522985692,0.110919103615794,80.14976095617767,5.057031872509826
L22,2024-12-09,1400.0000000005457,0.20445971548333475,0.1658572007830663,0.15737092836530156,0.1134178689932248,0.10969641979660916,78.34108571427569,6.416028571430778
L22,2024-12-10,2315.999999998894,0.20576949782250606,0.16986028839830952,0.1575995221816881,0.11399429339544451,0.11215098978309004,80.00620034542672,7.318307426597394
L22,2024-12-11,2021.000000002914,0.20219753158999565,0.16693992033568772,0.15411984691293246,0.11097342747967628,0.11147657285691508,78.74814943097319,7.592666996535637
L22,2024-12-12,2345.99999999773,0.21396405990729198,0.1727687598020104,0.16404317532271123,0.11862205711047366,0.11701391631727723,81.23889173061295,5.401074168798042
L22,2024-12-13,2441.999999999098,0.21658867091886502,0.17529988327760046,0.1664337696762435,0.12046270727602455,0.11789684713143891,82.34493038493753,5.320131040131358
L22,2024-12-14,2503.999999998996,0.20979459650558582,0.16913195511766757,0.16252704178194188,0.11956119673852966,0.11074054805790688,79.69269968051314,5.646613418530604
L22,2024-12-15,2498.0000000014115,0.20734917076690884,0.16939414757088206,0.16037892116960112,0.11776549720329496,0.10977487024763893,79.79879903923326,6.600992794235066
L22,2024-12-16,2319.999999999709,0.20747532961928236,0.16956013315217144,0.159522988191755,0.11583168927897645,0.11192619559278744,79.88653448275873,6.607224137932217
L22,2024-12-17,1838.0000000006476,0.21193367040222388,0.16959964087497834,0.16467460381958554,0.12141250047402209,0.11103694508793704,79.90898803046215,5.037867247007658
L22,2024-12-18,2147.9999999974098,0.2077044452648899,0.1657929048679909,0.16086213987984296,0.11863481076947982,0.1095711199769077,78.30305400373345,5.26122905027489
L22,2024-12-19,2689.9999999996,0.20903885558867938,0.16809187633134082,0.1643591383831669,0.11842787638518366,0.10507929238737435,79.27543494423733,5.545799256505825
L22,2024-12-20,2621.999999999389,0.19968626875175427,0.1657831035368298,0.15534117975598416,0.10982691692851328,0.10316342764273433,78.28327993897793,8.074462242563895
L22,2024-12-21,2806.0000000014043,0.22260916011659573,0.17801668207912294,0.17487768203101686,0.12526365352230207,0.11341753169213813,83.49736279401255,4.095823235923249
L22,2024-12-22,2619.9999999989814,0.2176479634647006,0.1731216508187842,0.17142120710944725,0.12384357102237448,0.10950993010902609,81.41444274809527,4.205694656488427
L22,2024-12-23,2866.000000000895,0.21499301311677224,0.17608694332017477,0.16820455857074687,0.11979708911094475,0.11037082065328965,82.68915561758496,6.15771109560336
L22,2024-12-24,2814.0000000003056,0.22580061677576008,0.17862495414696264,0.17736431751169704,0.1271696082860023,0.11540214249152986,83.7716986496087,3.1647050461973585
L22,2024-12-25,2861.9999999991705,0.22723296170680526,0.17970856585159464,0.1785615707240916,0.127974153227048,0.1161237007899528,84.25745632425055,3.017749825296733
L22,2024-12-26,2996.0000000000946,0.22735145711433952,0.18106128439847377,0.1792824785458374,0.12893514140699827,0.11479918865243287,84.8177436582119,3.428878504673145
L22,2024-12-27,2934.0000000001965,0.2208233914841507,0.1767050095984081,0.1736261640853235,0.12459144844001799,0.11201536855844071,82.94628493524297,4.292310838446207
L22,2024-12-28,2940.000000001419,0.22433307953575635,0.17702543222311126,0.17733010590894593,0.1284095311811767,0.11207648135748832,83.07931972789206,3.1401632653055245
L22,2024-12-29,2863.999999999578,0.22969791159148598,0.1789318703225048,0.18169451202589018,0.1317929417713118,0.11504638782331407,83.92699720670343,1.8629888268156864
L22,2024-12-30,2664.0000000006694,0.22537965453084452,0.1778509996804789,0.17699567646987163,0.1266371626543435,0.11526097971224017,83.46944444443895,3.0438138138145012
L22,2024-12-31,3222.000000000662,0.2284119537267569,0.18070119513604735,0.17926392547829684,0.12825072567637955,0.11732845763986172,84.70450074142738,2.927609231670773
L22,2025-01-01,3173.999999999978,0.22216064951880474,0.17566063209242536,0.17473818997377735,0.12560493767869965,0.11280421507965836,82.53955891619276,3.435866414618245
L22,2025-01-02,2872.000000001208,0.2271783169123081,0.18457357365558455,0.17567479342711873,0.12200662960987532,0.12257181712226006,86.67736768802993,4.669080779940543
L22,2025-01-03,2401.9999999982247,0.2298101874208879,0.19238080109905634,0.17331468496566804,0.1141812821600099,0.13351258191175172,90.12915903413693,6.457468776017664
L22,2025-01-04,3352.0000000007713,0.2295476555063944,0.18174671420256336,0.18133390265207974,0.13089183059434276,0.11546607568912788,85.14205250596784,2.865930787589566
L22,2025-01-05,3025.99999999984,0.23215003399863235,0.18251123663691518,0.18317878246955452,0.13213792209554978,0.11756466805139329,85.5053139458042,2.1764309319233615
L22,2025-01-06,2471.9999999997526,0.216706374512247,0.17840966620305515,0.16694131657344682,0.11518154892547824,0.11752378677164278,83.98177993527513,6.260857605180633
L22,2025-01-07,2117.9999999994834,0.19067877977777314,0.16333963733716705,0.14675326051852233,0.10076219385507221,0.10127956942489397,77.36185080264325,10.407913125591897
L22,2025-01-08,1806.0000000014043,0.1840095955891773,0.15844581538455801,0.142438034051675,0.09861886758400455,0.09541552265765074,75.23588039867103,11.081816168326895
L22,2025-01-09,1721.9999999997526,0.19015303046837,0.16082478734292213,0.14793897522712998,0.10307633574009534,0.09749474565280157,76.2382810685326,9.736515679443393
L22,2025-01-10,2251.9999999967695,0.20283084981029356,0.16739645297608172,0.15818083849886735,0.1120673601377353,0.10421748831143746,78.97539964476617,7.502060390761296
L22,2025-01-11,2813.999999999396,0.21937446980766806,0.17478633561853377,0.1737049975868692,0.1261806065210559,0.10846435687466012,82.1067093105885,4.160127931769658
L22,2025-01-12,2872.0000000002983,0.22534752822153245,0.17806018606688812,0.17811784882870557,0.12904679129004512,0.11270355725243605,83.53006963788297,3.129916434540446
L22,2025-01-13,2920.0000000018917,0.2304670086658975,0.18144917501763994,0.18151421133828063,0.13043846407678258,0.11719841826490192,85.02410958903499,2.443821917807955
L22,2025-01-14,3408.0000000003565,0.23321397942757335,0.18223514179491385,0.18483062242598639,0.1342303333338916,0.11632439143916386,85.36356807511474,1.7182159624407751
L22,2025-01-15,3260.0000000002183,0.24032547047412497,0.18641177850101584,0.19146043956900496,0.1399690158746575,0.11838894257020215,87.18384049079486,0.5698036809813821
L22,2025-01-16,3224.0000000010696,0.2304869113702714,0.18033603627816852,0.18367759070131032,0.13434966593191053,0.112450680600185,84.52937965260274,2.066476426799117
L22,2025-01-17,3130.000000000109,0.23326816261298083,0.1849164571050795,0.18304252206465324,0.13046941959490196,0.12038786779125785,86.52962300319335,2.6100830670926483
L22,2025-01-18,3250.0,0.23410838570087444,0.18218189118633596,0.18609224709574287,0.13523232421000514,0.11562466983490952,85.31675076923156,1.385784615384613
L22,2025-01-19,3448.0000000012296,0.23742183516058074,0.1859536204116617,0.18924691991885256,0.1377992825200586,0.11643588514058639,86.9769141531315,1.4643967517400311
L22,2025-01-20,3461.9999999995343,0.23786868292300498,0.18718249354865216,0.18940963030093852,0.13803674611261893,0.11713288971108406,87.51562102830732,1.717689196995879
L22,2025-01-21,3036.000000000058,0.2253399879974628,0.18001176273598551,0.17785998559700908,0.128060341223826,0.11325688055082331,84.36978919630975,3.786719367589355
L22,2025-01-22,2809.9999999994907,0.2060636378732087,0.16905305022321157,0.16207977504224955,0.11638543651235016,0.10314696161719596,79.67047686832758,6.9351316725976355
L22,2025-01-23,2783.9999999996508,0.1967359411082875,0.16462877806363083,0.15398653685249017,0.1094073322152212,0.09946243679282557,77.83301724138259,8.698721264368267
L22,2025-01-24,2622.0000000002983,0.18965737419034404,0.16296767972126125,0.14661683374133694,0.10268711161774487,0.09916137071757407,77.08987032799651,10.647719298245958
L22,2025-01-25,2569.9999999987995,0.18899852999062253,0.1604365568175534,0.147932734579957,0.10537273135017895,0.0948521191511173,76.06199221790631,10.023315175097324
L22,2025-01-26,2359.999999998763,0.19042584617333067,0.15970972108623982,0.14897819388399466,0.10617325846343433,0.09590858473761749,75.78801694915376,9.26023728813635
L22,2025-01-27,1621.9999999993888,0.19499874414550342,0.16397273214116362,0.15150702274221384,0.10533271787567496,0.10095673536350472,77.61020961774997,9.063008631319748
L22,2025-01-28,1479.999999998654,0.18801661047945847,0.16182148290593112,0.14593697503744038,0.10049977766643087,0.09691177773042298,76.64372972972527,10.832216216215581
L22,2025-01-29,2256.000000000313,0.17480296625727754,0.15367863328265155,0.13548443857217682,0.09512994662421924,0.08958945979613007,73.25645390070936,12.672464539005727
L22,2025-01-30,1355.9999999997672,0.18829271485787114,0.16146043033707813,0.14622395538132438,0.10048643412624625,0.09693143728420947,76.48427728613811,10.606843657817082
L22,2025-01-31,2012.0000000015352,0.19416189082000596,0.1639085430716151,0.1518621029754436,0.10664027495275209,0.09817263525401558,77.55332007951279,9.368091451292877
L22,2025-02-01,2223.9999999992506,0.19347947503306367,0.1601261123369971,0.15377851514743662,0.11116312094051296,0.0923917708861609,75.9398201438867,8.345287769783445
L22,2025-02-02,2200.0000000007276,0.2008934168257368,0.16259833129696766,0.1594001014450398,0.11573807952375924,0.09726200587731419,77.03569090909592,6.547145454543038
L22,2025-02-03,3089.999999999236,0.21446659163937212,0.1760079212819221,0.16990050826370143,0.12297390062391536,0.10542136533239821,82.64639482200782,6.315339805825711
L22,2025-02-04,2808.000000000902,0.21974918993560358,0.176055545493124,0.17312486938142815,0.12455121625206857,0.11064419914845752,82.66512820512595,4.440299145298623
L22,2025-02-05,2841.9999999996435,0.22343150379866844,0.17757525205575628,0.17579931300655216,0.12612712377323487,0.1133586043489187,83.3214074595346,3.6432934553124166
L22,2025-02-06,2877.9999999997017,0.2045256816414573,0.1669850088146907,0.1602508238419628,0.11458426795393163,0.1036547770205557,78.86986487395872,6.7924549559836205
L22,2025-02-07,2817.9999999993015,0.21418843794597522,0.17341451770734356,0.16841444774985428,0.12061182708667284,0.10806856600359004,81.53098651525738,5.527168204400307
L22,2025-02-08,2974.0000000010696,0.2212253570750055,0.17365805007756044,0.17691778849825288,0.1301881739994707,0.1057969466015908,81.66785474108845,3.099650302621601
L22,2025-02-09,3246.000000001004,0.2332248913589305,0.1808439619815684,0.18584810110315123,0.13580311010245646,0.11418495660036776,84.79185459026861,1.2303758471953148
L22,2025-02-10,3289.999999999054,0.23343520241116006,0.1798394151080483,0.186307246020985,0.13689189058894746,0.11371456249604837,84.36179939210008,0.8014589665654426
L22,2025-02-11,3509.999999999309,0.23558253508570196,0.18269437820673465,0.1885708488591444,0.13931340625884991,0.11370184122845127,85.59376638176754,0.9955555555557686
L22,2025-02-12,3024.000000000342,0.22636725003969016,0.1790407160992234,0.1791571068485135,0.1297944888292,0.11297249009272389,84.01572898295025,3.045919312168785
L22,2025-02-13,2658.0000000003565,0.1975944676246327,0.16141059836278604,0.15530250676845303,0.11156236243476471,0.0985361887668328,76.47527464258908,7.324725357411332
L22,2025-02-14,2386.000000000422,0.1818552965185198,0.15375968568355727,0.14207920280440137,0.10116822804531012,0.0913877144419597,73.33039396478841,10.241693210397251
L22,2025-02-15,2931.9999999988795,0.2160463152385738,0.1720083937351871,0.17187197028907283,0.12562067663886964,0.10475887676995904,80.91919508867464,4.404488403820232
L22,2025-02-16,2968.0000000007567,0.21888144740305734,0.17373452019883404,0.1737465765810902,0.12656244585063173,0.10725073091762782,81.67253369272689,3.9770889487868617
L22,2025-02-17,3225.999999999658,0.22938191053009377,0.1810539838377663,0.18177677877988296,0.1319726135752694,0.11408537276736372,84.8346559206433,2.694135151890785
L22,2025-02-18,3312.0000000008076,0.2345139304226377,0.1847710951971431,0.18631358988237653,0.1353972292488115,0.11608411045006364,86.45506038647235,2.10908212560356
L22,2025-02-19,3490.000000000691,0.23852772924536414,0.18624133057519057,0.18995910783644807,0.13891593945816372,0.11749661517005264,87.11369627507295,1.1520687679081076
L22,2025-02-20,4221.999999999753,0.2527287066136012,0.19222204763709916,0.20425657398493105,0.15291976081208172,0.11937320556308458,89.8162482235911,-1.9864140217906308
L22,2025-02-21,4110.000000000582,0.24383630792499708,0.18678185936891079,0.19715806787611073,0.14786268551357093,0.11407057099054667,87.38462287104231,-0.5935182481754695
L22,2025-02-22,3034.0000000014697,0.2264579918195324,0.1749989822850015,0.18208420042716053,0.13542507524934191,0.10668414358304641,82.28510217534327,1.6777059986812202
L22,2025-02-23,2903.9999999995416,0.2211524293532503,0.17530018258661004,0.17448525284144473,0.1257748926827469,0.11098503886221855,82.3776859504112,3.677617079890042
L22,2025-02-24,2789.9999999999636,0.2068505952094762,0.16862962310694732,0.16268514392236813,0.11673588394879202,0.10365171948399578,79.5011469534072,6.5096344086025875
L22,2025-02-25,2338.0000000006476,0.19554014376353254,0.16348939158832304,0.15224958542929581,0.10691473490319868,0.10038429839834911,77.31471343028004,8.759144568006786
L22,2025-02-26,1946.0000000026412,0.18747005823117968,0.1591403642373306,0.1452700665570125,0.100678093098339,0.09716151889310731,75.53218910584495,10.105405960950156
L22,2025-02-27,1673.9999999981592,0.1811516749201934,0.1564174413595972,0.14090894726154746,0.09737108851537626,0.09220301953809353,74.38011947431733,11.39679808840952
L22,2025-02-28,2583.9999999998327,0.19033399498371006,0.1635035182185315,0.14682313681911863,0.10206323689674068,0.10023268583107621,77.30739938080639,10.59413312693498
L22,2025-03-01,2536.0000000009677,0.18840639197674777,0.16207184999875496,0.14551584090563277,0.10160089480886057,0.09870615836904925,76.71733438485815,10.777744479494666
L22,2025-03-02,2572.0000000001164,0.1965738528986336,0.16384590719343312,0.15360531767965455,0.10944563448128232,0.09983567068727166,77.48438569206773,8.5161430793156
L22,2025-03-03,2629.9999999991996,0.19832401951866885,0.16251527001330845,0.15697051642961835,0.11404349774785029,0.09661253417138602,76.97130038022365,7.437353612169146
L22,2025-03-04,2180.000000000291,0.20869042880399488,0.16886069575273238,0.16505903681786036,0.11857828121312311,0.10273113434023563,79.61722935779765,5.929064220182269
L22,2025-03-05,1745.999999999185,0.20039021528166867,0.1634145666048066,0.1572138844679997,0.1110860881620589,0.10081051812511292,77.34600229094845,7.007972508587765
L22,2025-03-06,1478.0000000000655,0.20500627661670354,0.16860868934698064,0.1598904463648028,0.11115399516441603,0.10559377276036934,79.5304194857948,7.12124492557634
L22,2025-03-07,1282.0000000001528,0.19517072715916794,0.16371186738356278,0.1506103780024627,0.10219655974779122,0.10312702414774506,77.43765990639135,8.947145085803312
L22,2025-03-08,1465.9999999985303,0.18751249739597375,0.1577444260429346,0.14687174926677113,0.10262727000702514,0.09392611510849189,75.01165075034399,9.586712141879122
L22,2025-03-09,1300.0000000010914,0.1938128360259983,0.1619694069303143,0.15189806674394044,0.10562900187062589,0.09727274395049519,76.73556923076931,8.828399999999759
L22,2025-03-10,657.999999999447,0.20653030305199152,0.17199590535260353,0.15964326412941116,0.10908107182113326,0.10952274369311142,80.92832826747852,7.7572036474194626
L22,2025-03-11,1041.9999999994616,0.16911885075932973,0.15390552351272158,0.12754970306290409,0.08163189443005038,0.09372852876371822,73.3310172744751,14.72218809980561
L22,2025-03-12,991.9999999983702,0.16044357806838752,0.1492446135797199,0.11963298624241067,0.07566338845451008,0.09121781056666149,71.43181451613366,16.138548387095852
L22,2025-03-13,278.0000000011569,0.15267190153185656,0.1453701956765076,0.11390333251194872,0.06968419861376952,0.08620490468622309,69.91136690649482,17.496546762588714
L22,2025-03-14,531.9999999992433,0.16955298839480104,0.15330987309854732,0.12736652130887735,0.08114076242297205,0.0950769633794803,73.08578947368598,14.371729323302848
L22,2025-03-15,345.9999999986394,0.16224527393982444,0.14655562914401501,0.12334820158506338,0.07963406250008324,0.08747432036033538,70.41398843930081,14.597225433523016
L22,2025-03-16,1187.9999999991924,0.16105435665499465,0.1451506424730688,0.12285488599450106,0.08055281512970414,0.08589723175876397,69.88518518516479,14.543265993263997
L22,2025-03-17,2073.999999998705,0.19133289787198776,0.16320937481870618,0.14723623641846847,0.10193321398756999,0.10158784628372526,77.18376084860492,10.145843780133648
L22,2025-03-18,2761.9999999997162,0.21870997355616628,0.17507628317885562,0.1722052819397767,0.12384112128607042,0.11023225396585515,82.24795076032453,4.490253439536899
L22,2025-03-19,2708.0000000005384,0.20998072572358265,0.16946984887495736,0.16619679323343764,0.12016916741228992,0.10322769786767066,79.87776957164151,5.682850812406965
L22,2025-03-20,1817.999999998392,0.21431610278347163,0.17294284331211063,0.16957027821215825,0.12115376339521064,0.10593850038932441,81.38563256325895,5.287370737072114
L22,2025-03-21,1582.0000000012442,0.20494652909205022,0.1673826037755569,0.16081668182380188,0.11274880574804245,0.10349912251609215,79.031251580274,6.7213400758543
L22,2025-03-22,1118.000000002212,0.1716319341572135,0.15043316741721166,0.1329708424771296,0.08914916842532684,0.08804442682862501,72.04515205724003,12.638998211097736
L22,2025-03-23,1069.99999999789,0.16826166129358647,0.14988730940669806,0.12960297067970497,0.08615790288774297,0.0874857605095657,71.71641121495819,13.656074766358515
L22,2025-03-24,896.0000000015498,0.16457830616923447,0.15116512628885673,0.12469857753842911,0.08048169009447903,0.08968778924821598,72.21232142857052,15.367142857144037
L22,2025-03-25,564.0000000021246,0.1568960549164321,0.14557182387410675,0.11846315414362217,0.07388737202236424,0.08589085623949218,69.98510638297859,16.111914893617403
L22,2025-03-26,1561.9999999998981,0.16271028822617925,0.14829657999070117,0.12417384315640288,0.08316941571689161,0.08667427840272723,71.05930857874505,15.036773367477576
L22,2025-03-27,989.9999999961437,0.1687892235961636,0.1521524836277734,0.1287048980200178,0.08479033219112724,0.09058661082155645,72.628727272734,14.240282828282243
L22,2025-03-28,1340.000000001055,0.16453999612559764,0.14826529994353307,0.1260684158946227,0.08494107821087085,0.0867486760275521,71.08558208956664,14.402477611939418
L22,2025-03-29,1194.0000000022337,0.1680389263423965,0.1506300505917506,0.12947146760923622,0.08737446209803135,0.08727330663287872,72.00552763819078,13.987269681740328
L22,2025-03-30,846.0000000004584,0.17113969949155514,0.1522482649558162,0.13184614227601263,0.0868902505619529,0.08910083536248967,72.66165484634016,13.466477541371034
L22,2025-03-31,1969.9999999957072,0.18101486830840322,0.15818204057891294,0.13903645144928278,0.09588138228645135,0.09590060799563904,75.09736040608283,12.048060913705804
L4,2024-11-17,5034.199999998236,0.2151263898711141,0.16785727755933358,0.17079533236796146,0.13146737756424046,0.1051435388715966,79.23534623175695,3.323303801996143
L4,2024-11-18,5193.599999998696,0.21932695537903174,0.17207504267637344,0.17230489630359386,0.13005390001605124,0.11154111205078945,80.9864440850347,3.2400485212583536
L4,2024-11-19,4352.599999994709,0.2023729008879666,0.16192585541088825,0.15778029406542673,0.11799456158305953,0.10411956762386733,76.74595506135942,5.831997426827604
L4,2024-11-20,4105.000000006839,0.1790929085134714,0.15392444885288942,0.13631628735157997,0.09864456155943958,0.0974654762976156,73.37356979292954,11.254732277708573
L4,2024-11-21,5086.600000002363,0.22397034523803347,0.17484987624790452,0.17623195312768553,0.1330869733008022,0.11364038263411835,82.13633546966444,2.543756536781469
L4,2024-11-22,4301.000000003114,0.20639544550327768,0.16518168413842998,0.16076252431249693,0.11992313382581815,0.10694507269138033,78.1103603813086,5.462581725185005
L4,2024-11-23,5502.599999999802,0.22829820848107782,0.17500207146917499,0.1812132526824548,0.1388563245886348,0.1128092834294545,82.22436448224335,1.0568160505943562
L4,2024-11-24,5269.799999994575,0.2302420957604104,0.17649362556172127,0.18261221810278339,0.139698711646186,0.11442095284647025,82.91218490264501,0.8291904816162521
L4,2024-11-25,5304.400000000896,0.22634124774657988,0.17598815938919363,0.17905411601549115,0.1364830751603982,0.11297999434021196,82.63573561571488,2.0727554483073853
L4,2024-11-26,4747.400000000198,0.21308934546745337,0.1686878208055784,0.1672552307068978,0.1263807743680165,0.1081904572173812,79.56174327001187,4.304519526473704
L4,2024-11-27,4226.200000000972,0.20271325916603233,0.164207346975708,0.15863914023448453,0.11960802079749082,0.10297303437259843,77.63856324830888,6.4788235294101515
L4,2024-11-28,4350.599999997939,0.19477446910082294,0.16246088121882976,0.15112442840115034,0.11256601154153077,0.10122898390758733,76.95939410655646,8.644164942767766
L4,2024-11-29,5235.199999999168,0.2248787245732999,0.17666429456042027,0.1775519429260725,0.13499025881843812,0.11284992084206215,82.92507564181022,2.830548594132201
L4,2024-11-30,5014.999999999418,0.21552728847138702,0.17041230031880422,0.16938428551512633,0.12822828593166463,0.109028655039412,80.24120199401978,4.0545906281166655
L4,2024-12-01,4903.3999999992375,0.2029342578259628,0.1621961845252027,0.1596058150296177,0.12147246592005675,0.10133919232010163,76.78709222172235,5.741305216787771
L4,2024-12-02,4939.000000002125,0.20723890806274675,0.16751701039109534,0.16197697252119633,0.12171415083248423,0.1060499756838684,79.00115326989362,6.008413848956417
L4,2024-12-03,4870.39999999979,0.2045552698594327,0.1656012520424136,0.1598646233694227,0.12022601444090326,0.1045116192649648,78.21619004599124,6.307396517740257
L4,2024-12-04,5337.599999998929,0.21470046533855688,0.17146844655578938,0.16952035325053347,0.1293730433161165,0.1067870910691788,80.67290167865853,4.703105515587528
L4,2024-12-05,5361.000000000786,0.2163227713554623,0.17292354540570698,0.17084208997404568,0.13038195073140313,0.10765412045742899,81.29556575265852,4.617140831934258
L4,2024-12-06,4568.799999997282,0.20429199647590612,0.16645396417225347,0.15881689295546877,0.11799377886686314,0.10617450717749632,78.56946944493292,6.680831728244245
L4,2024-12-07,5439.20000000071,0.22512988542925172,0.17673199714708598,0.17821810942566868,0.13611841249147075,0.11197324559235784,82.95356449477691,2.7650705986169513
L4,2024-12-08,5009.399999999005,0.21512956403087485,0.16933758714585406,0.16953535292298202,0.12892514345025866,0.10786887891043848,79.83439853076045,3.817661995449245
L4,2024-12-09,3927.1999999946274,0.20706945176153482,0.16609721834094515,0.1607258886661947,0.11914851738502605,0.10842197150931143,78.44000000001012,5.580622326336792
L4,2024-12-10,5033.599999998842,0.21311623002919583,0.17157872586606618,0.16662186704668042,0.12491091474993396,0.1094749237807757,80.74156627463255,5.300774793388356
L4,2024-12-11,4486.699999990378,0.20932811686391256,0.16847040776608377,0.16283821485275246,0.12117553814302678,0.1089818148479595,79.41063431922524,5.595920609803339
L4,2024-12-12,5014.599999998609,0.22133954398368388,0.17482845036979358,0.17332962882904096,0.12987273086237555,0.11387196650242316,82.12800303115306,3.476622661827538
L4,2024-12-13,5131.199999999808,0.22129500334756774,0.17707809774710767,0.1725063705118759,0.1282900301193093,0.11558598316720124,83.11830604926332,4.245933115060306
L4,2024-12-14,5206.00000000195,0.2121822837688944,0.17097751241097547,0.16581920828243552,0.12431678924206188,0.10909228081071735,80.48172646944869,5.424613138686627
L4,2024-12-15,5252.999999996973,0.21114343821732814,0.1708961624960582,0.1647871721883508,0.12343452851742706,0.1089276433573424,80.44321416333331,5.766080335047647
L4,2024-12-16,4873.200000001816,0.21057340993404872,0.17131893162765874,0.16336647281624858,0.1209099032039134,0.11072090989485742,80.63828449479024,6.104420093573358
L4,2024-12-17,4642.799999997806,0.20915590689538452,0.1685084270840861,0.16231312601319015,0.12019409672113675,0.10979732623920421,79.4547695356234,5.644373223056739
L4,2024-12-18,4844.4000000017695,0.20856587254206074,0.16651612865626955,0.16276314760974298,0.12178896356074846,0.107441600384862,78.61799190817437,5.198384113613978
L4,2024-12-19,5088.800000004994,0.21016510687291196,0.16851004541533515,0.16456977060287784,0.12361442467466557,0.10723407990018306,79.47429413613445,5.295641408582358
L4,2024-12-20,4722.799999995914,0.2031579452560621,0.16694146882417987,0.1570752492960351,0.11588542165182866,0.1073698728884036,78.77710849497488,7.242088591514901
L4,2024-12-21,5188.200000000506,0.22713572987299113,0.17940675031277048,0.17752050016007084,0.13253739092661249,0.11817296386203795,84.10142785551851,2.9479734782777838
L4,2024-12-22,5067.60000000213,0.21983784655930322,0.17358625999363242,0.1728242311339611,0.13050080477643985,0.11153879897592704,81.6483581971511,3.5881458678659195
L4,2024-12-23,5186.600000004546,0.2175105628308925,0.17722835559616945,0.1691545602766277,0.12552627699784716,0.11411857950017168,83.18414375507115,5.648764122931037
L4,2024-12-24,5472.399999998743,0.23130564208161417,0.1801797805252767,0.1825281002390623,0.13838449011973142,0.1169273625281707,84.4555683064145,1.7198852423069957
L4,2024-12-25,5605.800000001182,0.2305520611980856,0.18085865070012228,0.18125709918795635,0.13649520363267004,0.11798134629128744,84.77794284490685,2.218122658675164
L4,2024-12-26,5522.600000000239,0.23157926100974952,0.18260193614488032,0.1810108230480577,0.1351595877429961,0.12089229608237301,85.49380002172991,2.433874624271165
L4,2024-12-27,5546.60000000149,0.22499772901691217,0.17816983445954201,0.1760271485903146,0.13188598029685308,0.11647168633143132,83.58207550570665,3.298837486027093
L4,2024-12-28,5387.799999998606,0.2271325806908007,0.1772911265109757,0.17904865827977964,0.1357980383561896,0.11485928409064657,83.2266513233254,2.2323478970993884
L4,2024-12-29,5477.200000001176,0.23263148308007897,0.17947034307089182,0.18330258224494342,0.1386966612221436,0.11840161920603617,84.17596144014287,0.9963090630245851
L4,2024-12-30,5593.199999999342,0.2303465385866495,0.17818130380398386,0.18173035741372504,0.13780283446593325,0.11650414442740395,83.63003146678366,1.384097117929754
L4,2024-12-31,6257.000000001426,0.2367223339725997,0.18268862596072163,0.186880138934255,0.14157919581050757,0.12005022271101964,85.57925281462873,0.6197910828769493
L4,2025-01-01,5752.599999999802,0.22958583227066304,0.17682011135150322,0.18022194753482915,0.1354143875719884,0.11811275621768311,83.04019260856603,1.178181691757311
L4,2025-01-02,6331.2000000005355,0.23120056063740033,0.18274103935890687,0.18002600912942665,0.13270170095024075,0.1225728289933117,85.90584154664316,2.57648281526375
L4,2025-01-03,4889.1999999978,0.23863542895565684,0.195638710900264,0.18016437867784754,0.12405360526014372,0.1391297621682435,91.62222122228802,4.40244702609922
L4,2025-01-04,6100.399999999354,0.23825203834149544,0.18266083681206224,0.18833896235314312,0.14294923026201845,0.12045938662086222,85.55028194872705,0.05283522392055823
L4,2025-01-05,5756.600000000617,0.24053874183423693,0.18379053283980737,0.19014513533719327,0.1442699982611109,0.1219288019559911,86.07089532015392,-0.4046444081582025
L4,2025-01-06,5287.399999997433,0.2198710745173695,0.1763219447439871,0.1699096273326595,0.12412784867209249,0.11842139624238314,83.10401634070988,4.4284699474216955
L4,2025-01-07,4960.400000003574,0.1956949357100191,0.16297292571003338,0.15032150472266273,0.10951154872114205,0.10501350453989243,77.25613821465531,8.536749455688872
L4,2025-01-08,3956.9999999948777,0.18599888894213085,0.15754243799156864,0.1434685612693052,0.10584401508083588,0.0977322963917978,74.88443770534386,10.076419509727753
L4,2025-01-09,3636.6000000016356,0.19043598054333968,0.15906108404397792,0.14628143720784167,0.10685082066799304,0.10178588006840461,75.58799758013976,9.035373700707721
L4,2025-01-10,4762.20000000103,0.20625929252090447,0.16714578617312983,0.16083050167737833,0.12009968190548043,0.10636567368900139,78.88063080088547,6.197151736594676
L4,2025-01-11,5429.400000000896,0.22563741989248068,0.17555663563204885,0.17901497921825074,0.13710130296554698,0.11140148809858127,82.44908682358496,2.1916513795262826
L4,2025-01-12,5665.200000003097,0.23066608832147323,0.17863835372020387,0.18278929216649,0.13945866776401455,0.11487500282837308,83.79577278824033,1.4273190708178978
L4,2025-01-13,5841.39999999752,0.23627146203660718,0.18302620801899308,0.18526559648967997,0.13835448653978666,0.12257626550657261,85.72529393637882,0.893073578252617
L4,2025-01-14,6770.399999997608,0.23796367875401786,0.18392064972390657,0.18883348231525696,0.14417459854689377,0.11866295625585319,86.11002540469877,0.5818255937608054
L4,2025-01-15,6265.1666666697565,0.2433741089053476,0.18439024361993786,0.19466606200270994,0.1488770139491916,0.12110576010693426,86.43954771087823,-1.2011317602615257
L4,2025-01-16,6169.599999997445,0.23707998581144057,0.18145869824759348,0.1885105244152091,0.14443470243989087,0.11727742052561309,85.02935943983923,0.08330523858936507
L4,2025-01-17,5912.80000000188,0.240022489129679,0.1864853105592713,0.18825895320719416,0.14078956878260668,0.1247652031110813,87.22296915166996,0.7088797185766027
L4,2025-01-18,5795.300000008865,0.23941487667733566,0.18222850055160064,0.18953625637841515,0.14445116621516488,0.12051520528029533,85.35433437439607,-0.4999399513402409
L4,2025-01-19,6485.999999997148,0.24305971074834262,0.18618450910542952,0.1926273441511469,0.14675110251087542,0.12229449516125482,87.11662041320584,-0.488053654024231
L4,2025-01-20,6740.399999998772,0.24467276846834404,0.1886844887838254,0.19480465661548496,0.14953533224873647,0.12126283472772716,88.18571182719388,-0.23173224140943993
L4,2025-01-21,5863.800000002811,0.23150898139253193,0.18161279044750298,0.18165758634414936,0.13645973398921948,0.11933780629741633,85.06907739009121,2.118950168831026
L4,2025-01-22,5380.000000001019,0.2118979868522657,0.17043217408733305,0.16556759034366408,0.12402162783165976,0.10899763097702524,80.26252267657694,5.3397144981416735
L4,2025-01-23,5053.799999997864,0.20138298551261966,0.1661647848792733,0.1561654136225955,0.11580713559031755,0.10538069520707626,78.48267917211732,7.579777593099792
L4,2025-01-24,4821.400000000722,0.19656504467278427,0.16428419468970049,0.15161666767650264,0.11159954620468475,0.10407967767296689,77.64169992118532,8.670199527107057
L4,2025-01-25,5011.399999999412,0.19522841009866626,0.16086081549955758,0.1528272891935911,0.11546864525041156,0.09843714788371197,76.23506165942645,7.98981601947575
L4,2025-01-26,4633.400000002439,0.19343982265013523,0.1588375330184708,0.15084984465416587,0.11317632084312923,0.0987627117917425,75.4398558294035,7.907352699960419
L4,2025-01-27,3295.399999999063,0.19618919507413343,0.1629124237201688,0.15174447212013095,0.11203198379530911,0.10321857010441748,77.19675183588447,8.282132669780175
L4,2025-01-28,2850.2000000044063,0.19023179128959394,0.16142713621046675,0.14663119591394808,0.10800764718231087,0.10045526052254189,76.50596870394938,9.928936916710168
L4,2025-01-29,4419.999999998254,0.1784637151544162,0.15436388035407833,0.1370551614849558,0.10064753931281017,0.0944461781548405,73.54180271494046,11.636232579187602
L4,2025-01-30,2938.40000000273,0.1898184203320639,0.15793989126528793,0.14787431731924322,0.11076059650768258,0.09692668608498967,75.11559488155578,8.885863054723789
L4,2025-01-31,3715.3999999973166,0.1990471385444212,0.16475571771403902,0.15501977975145675,0.1159266273927516,0.10250113766654387,77.922177961992,7.939026753513004
L4,2025-02-01,4256.600000000617,0.19788843832755035,0.16038694572905676,0.15619111008972253,0.11958867546280773,0.09725192751859704,76.05744678852146,6.889709157544363
L4,2025-02-02,4670.200000000477,0.2011002407040976,0.16022700870741854,0.15815274915236155,0.12015146165224247,0.10052266690577143,76.05618774355669,5.67439081837905
L4,2025-02-03,5818.999999999505,0.221867367789383,0.17712203086082584,0.17582463824662456,0.1344642216140319,0.10961647991367507,83.13025674514785,4.0567499570386945
L4,2025-02-04,5465.400000000955,0.2279751166818013,0.1777115221751378,0.18091185562494805,0.13843908493534285,0.11271468197183941,83.37991510227822,2.066865737182308
L4,2025-02-05,5612.400000001799,0.23070080150368483,0.1789126969255382,0.1828154824656211,0.139547325802006,0.11492825019488574,83.92231344880007,1.5017447081485704
L4,2025-02-06,5467.2000000027765,0.21282339961329125,0.16865294590292018,0.16839093489860596,0.12644281315451475,0.10501360185370623,79.58462076446737,4.429364962788912
L4,2025-02-07,5397.2000000030675,0.22044927524381924,0.17459234524603326,0.1737040928025957,0.13163845032642527,0.11101519275927504,82.03555250870879,3.701238419920231
L4,2025-02-08,5555.800000001909,0.22668581633865081,0.17401270156549128,0.18067182749474012,0.13935666505567124,0.11032062266197051,81.82715216530703,1.2776759422573372
L4,2025-02-09,6332.399999999325,0.23912253810461195,0.18155946854678282,0.19135664259987528,0.1481928306532769,0.11590716388424045,85.10344261259021,-0.6473362390243829
L4,2025-02-10,3998.200000001816,0.241545741052695,0.18179396603165177,0.19377023443088756,0.15056103234255985,0.1163815720188214,85.24335851133448,-1.475294882699391
L4,2025-02-11,6665.000000000873,0.24192822993449603,0.18366791217952483,0.19334767910479556,0.14928473195043304,0.11811037415197552,86.03304966240704,-0.9541701425349338
L4,2025-02-12,5648.399999998219,0.23452932813310012,0.18131979979634005,0.1857567004867982,0.14151472573098747,0.11755029932758834,85.01191198687843,0.8852368812396871
L4,2025-02-13,5118.000000002212,0.20432805816971636,0.16226941024351252,0.16104879471345349,0.12273997047649815,0.10148633987216912,76.8457233294252,5.2597670965206555
L4,2025-02-14,4625.399999997171,0.18835668270460776,0.15412407670606942,0.14727845887170254,0.11115306947523064,0.0949118530303256,73.48457300990215,8.109670082589902
L4,2025-02-15,5677.5999999990745,0.22565223421641545,0.17248439015310463,0.18082062335959523,0.1408811593397905,0.10744270644666713,81.13160701704474,1.1614315908131219
L4,2025-02-16,5802.5999999990745,0.2281320589278751,0.17452896349105299,0.18228584144585375,0.1412023478800964,0.11003439015521807,82.01708889118656,0.9587447006512689
L4,2025-02-17,6230.599999998958,0.2396005161513426,0.1813723673798391,0.19154553195038057,0.14812095899469607,0.11651743186379296,84.98948480082693,-0.8558097133503283
L4,2025-02-18,6462.7999999975145,0.24465894934656854,0.1859853873785916,0.19583496607493775,0.1515273195906861,0.11892930821281361,87.00433063068485,-1.1336077242056781
L4,2025-02-19,6731.800000001385,0.24669796428217836,0.1871847729018318,0.19700215314206782,0.15180002830919093,0.12121129324984092,87.54922606138891,-1.4731845865887947
L4,2025-02-20,8259.999999994761,0.2592827348602778,0.19349880989831003,0.21019748825333595,0.16569627486849972,0.1217555993705678,90.38828377723425,-3.938855205809042
L4,2025-02-21,7745.8000000005995,0.2509623876376541,0.18841827639714714,0.2023998388363211,0.15830041456409907,0.11933155998148787,88.11275736528603,-2.6191959513551124
L4,2025-02-22,5770.599999999831,0.2302264643009718,0.17514067338984082,0.18423215595199932,0.1429252277885439,0.11080032322390407,82.35838560980189,0.38426506775572317
L4,2025-02-23,5620.8000000005995,0.22709797682594557,0.1755604827696719,0.1796268753106641,0.13688910534121834,0.113564509060476,82.49469257046061,1.6553458582412055
L4,2025-02-24,5449.6000000035565,0.21486043824941098,0.16945577782785154,0.17010921498960724,0.13015604968971853,0.10592747171272998,79.85106209629755,3.960830886669925
L4,2025-02-25,4635.000000002037,0.20267904129027836,0.16361063587881078,0.1585037090585364,0.11914204176014673,0.10316710610032509,77.38791283710053,6.297038187701644
L4,2025-02-26,4109.3999999975495,0.19255088649437974,0.15854212929241449,0.14967731573708748,0.11166326618744501,0.09919299716760091,75.28668418747634,8.135981895166767
L4,2025-02-27,3112.3999999945227,0.18855701308995898,0.15769531766587416,0.14672449446529465,0.10987916942659602,0.09642065708095696,74.90795913122176,9.253832412285904
L4,2025-02-28,4844.600000000355,0.1998115828789132,0.16438849023123916,0.15523109463564977,0.11542986643495017,0.10367693321483808,77.69613342688633,7.571432109977889
L4,2025-03-01,4795.80000000351,0.19826479617603632,0.16284764444340066,0.154615335555455,0.11582544800836796,0.1015063918245936,77.0639392801912,7.58980774844596
L4,2025-03-02,5089.80000000156,0.20678668427629548,0.16500536248436365,0.16399944346342463,0.12608135235119686,0.10066143539026151,77.9876356634944,5.321301426381921
L4,2025-03-03,5065.200000000914,0.20527475665409223,0.1635383187256298,0.16280294159580974,0.125105297797829,0.09987158810655354,77.41060017372891,5.34741767353594
L4,2025-03-04,3716.999999993277,0.2125977318590474,0.16788612625627752,0.16729762877886342,0.12651456008986536,0.10684757796403484,79.21972988970192,4.23375733117035
L4,2025-03-05,3557.600000000093,0.20301337068392997,0.16224724882656466,0.15926263079172065,0.12013509122111932,0.102362136558851,76.8811918147175,5.706164830216327
L4,2025-03-06,2925.7999999972526,0.20828227903497726,0.16785223800922364,0.161996255237591,0.12063802305956389,0.10857937849747008,79.2371426618252,5.713679677357783
L4,2025-03-07,2479.5999999987544,0.20064727386993583,0.16419414956107328,0.15527952326891034,0.11489401691865048,0.10552603520024287,77.64521858365231,7.196384900795034
L4,2025-03-08,3216.999999996915,0.18845342465741927,0.15452503161413012,0.14748860596920388,0.11154724271978524,0.0947955096106062,73.71621635063391,8.179889337889701
L4,2025-03-09,2454.600000000937,0.19627060968347074,0.15971281103161183,0.15277142621052917,0.11429146901386837,0.10109769083806575,75.83695754913313,7.202946304893994
L4,2025-03-10,1267.3999999969965,0.20966321126547544,0.17092620904688693,0.1614977795478544,0.11747331926173547,0.11272947930629906,80.50418494556115,6.290276155913668
L4,2025-03-11,2252.0000000040454,0.17306632201090505,0.152145579115523,0.13095935955237772,0.09373999978454038,0.09537227807743387,72.66458614562559,12.753110124326543
L4,2025-03-12,2140.400000003865,0.16840875767875269,0.14892286734104498,0.1274018509608008,0.09143960491139731,0.09250043917629654,71.32723976823863,13.285002803216559
L4,2025-03-13,646.7999999986205,0.15488535531710867,0.14378296896300838,0.11562047566760193,0.0808386357534189,0.08748855605010832,69.3035312306741,16.204551638843643
L4,2025-03-14,1171.0000000020955,0.17767074794169566,0.15438827128327784,0.1343879423386653,0.0961351623629883,0.09829835094716426,73.52569427838898,11.923286080287554
L4,2025-03-15,872.4000000038359,0.16695206916178848,0.14455461779812026,0.12759745380981963,0.09336492098509526,0.0889126963407486,69.59383768911631,12.312567629529044
L4,2025-03-16,2631.600000000617,0.1691020325486536,0.14400909669195577,0.13063845546588027,0.09715997403784879,0.0872433467447717,69.43476212192162,11.405569235444496
L4,2025-03-17,4615.600000000995,0.20159947522735158,0.1640255136599089,0.15793367357834273,0.11889848856368815,0.10187890989472874,77.52953288846501,6.822078169686449
L4,2025-03-18,5465.199999998731,0.22777187917083078,0.17610742630123127,0.1814131279289345,0.13961908267615192,0.11111903561065332,82.70015223597048,1.6157586181663688
L4,2025-03-19,4967.000000000553,0.21329999635347774,0.16897590177311295,0.1678245038369397,0.1268385789654899,0.10737701911716939,79.70304086975734,4.350828266559542
L4,2025-03-20,3423.899999999776,0.2177770857772603,0.17317115705043998,0.17131623742556545,0.12958387775364666,0.11014897038150444,81.49910978709563,4.159535033153046
L4,2025-03-21,3116.3999999989755,0.20718633809455164,0.16721366890730666,0.16219109737934864,0.12202774690356935,0.10567391080969725,79.00120523681353,5.883441150041554
L4,2025-03-22,2280.2000000010594,0.17509275547836742,0.14909717863889302,0.13426286008883104,0.09850356096956334,0.09305482310323215,71.51232874309264,10.995556530120412
L4,2025-03-23,2225.6000000015774,0.17398279890831445,0.14756326585619536,0.13433489441398014,0.09978524444015713,0.09024784842040849,70.83564701654382,10.907940330696363
L4,2025-03-24,1936.200000000099,0.16876754944865624,0.14936364734457241,0.12722968632412554,0.09083288491985086,0.09365762771533385,71.52481561820522,13.3139365768074
L4,2025-03-25,1409.800000001269,0.1642292046085019,0.14599080644053536,0.12368449454737589,0.08818260122162143,0.09107017975963348,70.14650872462445,13.74004255922703
L4,2025-03-26,3202.399999998306,0.17278507635240223,0.14921286655493401,0.13307290809625547,0.09818792948702997,0.09020670453386162,71.43577441918481,11.875540844369654
L4,2025-03-27,2337.4000000039814,0.1769673524863339,0.15176879448510122,0.13586786221390196,0.09984207470618753,0.0936085034596059,72.48176777615447,11.282159664585615
L4,2025-03-28,3435.0000000013097,0.1722719770416064,0.14818255890383644,0.13282958444564702,0.09849388244066626,0.08959383020683624,71.06010014557067,11.714677147016102
L4,2025-03-29,2582.800000000134,0.17459104379413568,0.14864728066281796,0.13504923236504088,0.1004477512858191,0.09005742870632602,71.23698466777849,11.0637230912187
L4,2025-03-30,2014.4000000000233,0.17744821581098366,0.1508353158922526,0.136696474513866,0.10093355926689679,0.09289629823915455,72.10550436853921,10.811429706116147
L4,2025-03-31,4546.399999999267,0.1910789310304611,0.15946875563100435,0.14884611047762944,0.11135865898490792,0.0975980601702769,75.65683265881287,8.974245117015005
